timestamp,query_id,input,duration_seconds,success,config
2026-04-17 16:39:18,query_20260417_163631_83cb813a,yellow_tripdata_2015-01.parquet,166.53,True,config_A_baseline
2026-04-17 16:42:10,query_20260417_163918_e2b51b1c,yellow_tripdata_2015-02.parquet,171.78,True,config_A_baseline
2026-04-17 16:45:10,query_20260417_164210_d6e68920,yellow_tripdata_2015-03.parquet,179.73,True,config_A_baseline
2026-04-17 16:48:01,query_20260417_164510_6e31d254,yellow_tripdata_2015-04.parquet,171.35,True,config_A_baseline
2026-04-17 16:50:55,query_20260417_164802_c261e18c,yellow_tripdata_2015-05.parquet,173.3,True,config_A_baseline
2026-04-17 16:53:37,query_20260417_165055_a7c82584,yellow_tripdata_2015-06.parquet,161.34,True,config_A_baseline
2026-04-17 16:56:15,query_20260417_165337_ee57dc15,yellow_tripdata_2015-07.parquet,158.35,True,config_A_baseline
2026-04-17 16:58:51,query_20260417_165615_a994712f,yellow_tripdata_2015-08.parquet,155.54,True,config_A_baseline
2026-04-17 17:01:26,query_20260417_165851_9b153178,yellow_tripdata_2015-09.parquet,154.48,True,config_A_baseline
2026-04-17 17:04:11,query_20260417_170126_d7309446,yellow_tripdata_2015-10.parquet,165.4,True,config_A_baseline
2026-04-17 17:06:46,query_20260417_170412_b03d6070,yellow_tripdata_2015-11.parquet,154.61,True,config_A_baseline
2026-04-17 17:09:25,query_20260417_170647_fae64843,yellow_tripdata_2015-12.parquet,158.62,True,config_A_baseline
2026-04-17 17:11:53,query_20260417_170925_7b6bbc9b,yellow_tripdata_2016-01.parquet,147.79,True,config_A_baseline
2026-04-17 17:14:32,query_20260417_171153_7464e8e6,yellow_tripdata_2016-02.parquet,157.81,True,config_A_baseline
2026-04-17 17:17:18,query_20260417_171432_a4b3732f,yellow_tripdata_2016-03.parquet,165.71,True,config_A_baseline
2026-04-17 17:20:01,query_20260417_171718_e9388359,yellow_tripdata_2016-04.parquet,162.58,True,config_A_baseline
2026-04-17 17:22:41,query_20260417_172001_a5b93c0c,yellow_tripdata_2016-05.parquet,159.41,True,config_A_baseline
2026-04-17 17:25:12,query_20260417_172241_e36fccf0,yellow_tripdata_2016-06.parquet,150.13,True,config_A_baseline
2026-04-17 17:27:39,query_20260417_172512_c1bf195f,yellow_tripdata_2016-07.parquet,146.41,True,config_A_baseline
2026-04-17 17:29:59,query_20260417_172739_137ca5d1,yellow_tripdata_2016-08.parquet,140.27,True,config_A_baseline
2026-04-17 17:32:17,query_20260417_173000_0c26a25a,yellow_tripdata_2016-09.parquet,137.23,True,config_A_baseline
2026-04-17 17:34:48,query_20260417_173217_7a56f16c,yellow_tripdata_2016-10.parquet,150.61,True,config_A_baseline
2026-04-17 17:37:13,query_20260417_173449_05875a53,yellow_tripdata_2016-11.parquet,144.5,True,config_A_baseline
2026-04-17 17:39:38,query_20260417_173714_0fa0eb92,yellow_tripdata_2016-12.parquet,144.24,True,config_A_baseline
2026-04-17 17:41:53,query_20260417_173938_6584a400,yellow_tripdata_2017-01.parquet,134.25,True,config_A_baseline
2026-04-17 17:44:04,query_20260417_174153_b587cf3a,yellow_tripdata_2017-02.parquet,130.38,True,config_A_baseline
2026-04-17 17:46:29,query_20260417_174404_37830166,yellow_tripdata_2017-03.parquet,144.51,True,config_A_baseline
2026-04-17 17:48:52,query_20260417_174629_e463e9f5,yellow_tripdata_2017-04.parquet,141.92,True,config_A_baseline
2026-04-17 17:51:21,query_20260417_174852_eef59a02,yellow_tripdata_2017-05.parquet,148.57,True,config_A_baseline
2026-04-17 17:53:31,query_20260417_175121_35b76275,yellow_tripdata_2017-06.parquet,129.21,True,config_A_baseline
2026-04-17 17:55:34,query_20260417_175331_cf74ff5f,yellow_tripdata_2017-07.parquet,122.31,True,config_A_baseline
2026-04-17 17:57:37,query_20260417_175534_f1f616d8,yellow_tripdata_2017-08.parquet,122.52,True,config_A_baseline
2026-04-17 17:59:45,query_20260417_175737_7aa37de2,yellow_tripdata_2017-09.parquet,128.15,True,config_A_baseline
2026-04-17 18:02:07,query_20260417_175945_7b32b45d,yellow_tripdata_2017-10.parquet,141.48,True,config_A_baseline
2026-04-17 18:04:22,query_20260417_180207_f7d6cce8,yellow_tripdata_2017-11.parquet,134.35,True,config_A_baseline
2026-04-17 18:06:33,query_20260417_180422_6b348cee,yellow_tripdata_2017-12.parquet,130.16,True,config_A_baseline
2026-04-17 18:08:39,query_20260417_180633_2097b564,yellow_tripdata_2018-01.parquet,125.55,True,config_A_baseline
2026-04-17 18:10:39,query_20260417_180839_1ab9daa6,yellow_tripdata_2018-02.parquet,119.33,True,config_A_baseline
2026-04-17 18:12:50,query_20260417_181039_13ff2abf,yellow_tripdata_2018-03.parquet,130.4,True,config_A_baseline
2026-04-17 18:15:02,query_20260417_181250_f16f3029,yellow_tripdata_2018-04.parquet,131.3,True,config_A_baseline
2026-04-17 18:17:12,query_20260417_181502_65360fcc,yellow_tripdata_2018-05.parquet,129.53,True,config_A_baseline
2026-04-17 18:19:13,query_20260417_181712_24cd70fc,yellow_tripdata_2018-06.parquet,121.32,True,config_A_baseline
2026-04-17 18:21:11,query_20260417_181914_c482ac84,yellow_tripdata_2018-07.parquet,116.71,True,config_A_baseline
2026-04-17 18:23:07,query_20260417_182111_5f15e8d7,yellow_tripdata_2018-08.parquet,115.37,True,config_A_baseline
2026-04-17 18:24:59,query_20260417_182307_ac787068,yellow_tripdata_2018-09.parquet,111.94,True,config_A_baseline
2026-04-17 18:27:01,query_20260417_182459_5c3c394c,yellow_tripdata_2018-10.parquet,121.59,True,config_A_baseline
2026-04-17 18:28:57,query_20260417_182701_1d5ba7e0,yellow_tripdata_2018-11.parquet,115.48,True,config_A_baseline
2026-04-17 18:30:59,query_20260417_182857_10be9c1b,yellow_tripdata_2018-12.parquet,121.45,True,config_A_baseline
2026-04-17 18:32:51,query_20260417_183059_2412bffa,yellow_tripdata_2019-01.parquet,111.73,True,config_A_baseline
2026-04-17 18:34:38,query_20260417_183251_2baceda7,yellow_tripdata_2019-02.parquet,106.21,True,config_A_baseline
2026-04-17 18:36:32,query_20260417_183438_da247091,yellow_tripdata_2019-03.parquet,113.59,True,config_A_baseline
2026-04-17 18:38:23,query_20260417_183632_1aa3d385,yellow_tripdata_2019-04.parquet,110.27,True,config_A_baseline
2026-04-17 18:40:15,query_20260417_183823_8d361d13,yellow_tripdata_2019-05.parquet,112.09,True,config_A_baseline
2026-04-17 18:42:01,query_20260417_184015_fcd4eb8c,yellow_tripdata_2019-06.parquet,105.44,True,config_A_baseline
2026-04-17 18:43:40,query_20260417_184201_13f79dbb,yellow_tripdata_2019-07.parquet,99.17,True,config_A_baseline
2026-04-17 18:45:15,query_20260417_184341_da247c4d,yellow_tripdata_2019-08.parquet,94.41,True,config_A_baseline
2026-04-17 18:47:03,query_20260417_184515_55c02847,yellow_tripdata_2019-09.parquet,107.55,True,config_A_baseline
2026-04-17 18:48:54,query_20260417_184703_6715ca3e,yellow_tripdata_2019-10.parquet,110.27,True,config_A_baseline
2026-04-17 18:50:44,query_20260417_184854_46f8608c,yellow_tripdata_2019-11.parquet,110.07,True,config_A_baseline
2026-04-17 18:52:32,query_20260417_185044_e2446654,yellow_tripdata_2019-12.parquet,107.4,True,config_A_baseline
2026-04-17 18:54:14,query_20260417_185232_9771b200,yellow_tripdata_2020-01.parquet,101.3,True,config_A_baseline
2026-04-17 18:55:54,query_20260417_185414_78bd1331,yellow_tripdata_2020-02.parquet,100.38,True,config_A_baseline
2026-04-17 18:57:03,query_20260417_185554_7b8a8b4c,yellow_tripdata_2020-03.parquet,68.14,True,config_A_baseline
2026-04-17 18:57:44,query_20260417_185703_1502e3a1,yellow_tripdata_2020-04.parquet,41.22,True,config_A_baseline
2026-04-17 18:58:26,query_20260417_185744_15a2cb1c,yellow_tripdata_2020-05.parquet,42.32,True,config_A_baseline
2026-04-17 18:59:10,query_20260417_185827_01686849,yellow_tripdata_2020-06.parquet,43.41,True,config_A_baseline
2026-04-17 18:59:57,query_20260417_185910_199c7b81,yellow_tripdata_2020-07.parquet,47.1,True,config_A_baseline
2026-04-17 19:00:43,query_20260417_185957_1305384a,yellow_tripdata_2020-08.parquet,46.07,True,config_A_baseline
2026-04-17 19:01:32,query_20260417_190043_967878f8,yellow_tripdata_2020-09.parquet,48.29,True,config_A_baseline
2026-04-17 19:02:24,query_20260417_190132_facda40e,yellow_tripdata_2020-10.parquet,52.09,True,config_A_baseline
2026-04-17 19:03:14,query_20260417_190224_26ad173d,yellow_tripdata_2020-11.parquet,49.37,True,config_A_baseline
2026-04-17 19:04:04,query_20260417_190314_1887fb82,yellow_tripdata_2020-12.parquet,50.18,True,config_A_baseline
2026-04-17 19:04:54,query_20260417_190404_94f81a71,yellow_tripdata_2021-01.parquet,49.39,True,config_A_baseline
2026-04-17 19:05:47,query_20260417_190454_430152f5,yellow_tripdata_2021-02.parquet,53.33,True,config_A_baseline
2026-04-17 19:06:43,query_20260417_190547_5fb35460,yellow_tripdata_2021-03.parquet,55.41,True,config_A_baseline
2026-04-17 19:07:43,query_20260417_190643_2571bd0c,yellow_tripdata_2021-04.parquet,60.46,True,config_A_baseline
2026-04-17 19:08:47,query_20260417_190743_80ede2b6,yellow_tripdata_2021-05.parquet,63.3,True,config_A_baseline
2026-04-17 19:09:52,query_20260417_190847_32b1d841,yellow_tripdata_2021-06.parquet,64.57,True,config_A_baseline
2026-04-17 19:10:56,query_20260417_190952_76b7d725,yellow_tripdata_2021-07.parquet,64.36,True,config_A_baseline
2026-04-17 19:12:04,query_20260417_191056_744dca2b,yellow_tripdata_2021-08.parquet,67.53,True,config_A_baseline
2026-04-17 19:13:11,query_20260417_191204_76b86937,yellow_tripdata_2021-09.parquet,66.27,True,config_A_baseline
2026-04-17 19:14:20,query_20260417_191311_2cf064b8,yellow_tripdata_2021-10.parquet,69.05,True,config_A_baseline
2026-04-17 19:15:28,query_20260417_191420_e9036802,yellow_tripdata_2021-11.parquet,68.32,True,config_A_baseline
2026-04-17 19:16:38,query_20260417_191529_e2178aac,yellow_tripdata_2021-12.parquet,69.43,True,config_A_baseline
2026-04-17 19:17:39,query_20260417_191638_6b96538d,yellow_tripdata_2022-01.parquet,60.28,True,config_A_baseline
2026-04-17 19:18:43,query_20260417_191739_5e2b86d7,yellow_tripdata_2022-02.parquet,64.45,True,config_A_baseline
2026-04-17 19:19:56,query_20260417_191844_8645d194,yellow_tripdata_2022-03.parquet,72.29,True,config_A_baseline
2026-04-17 19:21:12,query_20260417_191956_e85e6e47,yellow_tripdata_2022-04.parquet,75.43,True,config_A_baseline
2026-04-17 19:22:25,query_20260417_192112_b85604ac,yellow_tripdata_2022-05.parquet,72.54,True,config_A_baseline
2026-04-17 19:23:35,query_20260417_192225_6360bbee,yellow_tripdata_2022-06.parquet,70.38,True,config_A_baseline
2026-04-17 19:24:42,query_20260417_192335_f1c55097,yellow_tripdata_2022-07.parquet,66.12,True,config_A_baseline
2026-04-17 19:25:47,query_20260417_192442_bee2f71f,yellow_tripdata_2022-08.parquet,65.15,True,config_A_baseline
2026-04-17 19:26:53,query_20260417_192547_7dd2bb0d,yellow_tripdata_2022-09.parquet,65.16,True,config_A_baseline
2026-04-17 19:28:05,query_20260417_192653_5805602d,yellow_tripdata_2022-10.parquet,72.33,True,config_A_baseline
2026-04-17 19:29:13,query_20260417_192805_86f40cc4,yellow_tripdata_2022-11.parquet,67.19,True,config_A_baseline
2026-04-17 19:30:19,query_20260417_192913_5f4adf21,yellow_tripdata_2022-12.parquet,66.33,True,config_A_baseline
2026-04-17 19:31:27,query_20260417_193019_9b361096,yellow_tripdata_2023-01.parquet,67.16,True,config_A_baseline
2026-04-17 19:32:31,query_20260417_193127_8e05ac15,yellow_tripdata_2023-02.parquet,64.28,True,config_A_baseline
2026-04-17 19:33:42,query_20260417_193231_f60dedfb,yellow_tripdata_2023-03.parquet,70.23,True,config_A_baseline
2026-04-17 19:34:50,query_20260417_193342_00770b2d,yellow_tripdata_2023-04.parquet,68.21,True,config_A_baseline
2026-04-17 19:36:01,query_20260417_193450_3b52d941,yellow_tripdata_2023-05.parquet,71.08,True,config_A_baseline
2026-04-17 19:37:14,query_20260417_193602_e68a8d95,yellow_tripdata_2023-06.parquet,72.31,True,config_A_baseline
2026-04-17 19:38:21,query_20260417_193714_d7088bc2,yellow_tripdata_2023-07.parquet,66.29,True,config_A_baseline
2026-04-17 19:39:22,query_20260417_193821_e449fb0d,yellow_tripdata_2023-08.parquet,61.31,True,config_A_baseline
2026-04-17 19:40:28,query_20260417_193922_63b6dabd,yellow_tripdata_2023-09.parquet,65.22,True,config_A_baseline
2026-04-17 19:41:32,query_20260417_194028_2a014210,yellow_tripdata_2023-10.parquet,64.36,True,config_A_baseline
2026-04-17 19:42:36,query_20260417_194132_b6b6141f,yellow_tripdata_2023-11.parquet,63.25,True,config_A_baseline
2026-04-17 19:43:39,query_20260417_194236_466cf962,yellow_tripdata_2023-12.parquet,62.68,True,config_A_baseline
2026-04-17 19:46:24,query_20260417_194339_50009df9,yellow_tripdata_2015-01.parquet,164.54,True,config_B_more_memory
2026-04-17 19:49:03,query_20260417_194624_3ff8400e,yellow_tripdata_2015-02.parquet,158.54,True,config_B_more_memory
2026-04-17 19:51:52,query_20260417_194903_78c5f395,yellow_tripdata_2015-03.parquet,169.32,True,config_B_more_memory
2026-04-17 19:54:40,query_20260417_195152_a358e73f,yellow_tripdata_2015-04.parquet,167.7,True,config_B_more_memory
2026-04-17 19:57:30,query_20260417_195440_63ae27d8,yellow_tripdata_2015-05.parquet,168.76,True,config_B_more_memory
2026-04-17 20:00:16,query_20260417_195730_b331d6e2,yellow_tripdata_2015-06.parquet,165.41,True,config_B_more_memory
2026-04-17 20:02:48,query_20260417_200016_57c5b5a1,yellow_tripdata_2015-07.parquet,152.44,True,config_B_more_memory
2026-04-17 20:05:16,query_20260417_200249_d70d18d5,yellow_tripdata_2015-08.parquet,147.25,True,config_B_more_memory
2026-04-17 20:07:47,query_20260417_200516_5a393deb,yellow_tripdata_2015-09.parquet,150.98,True,config_B_more_memory
2026-04-17 20:10:34,query_20260417_200748_403d6008,yellow_tripdata_2015-10.parquet,166.66,True,config_B_more_memory
2026-04-17 20:13:02,query_20260417_201035_170a893b,yellow_tripdata_2015-11.parquet,147.58,True,config_B_more_memory
2026-04-17 20:15:40,query_20260417_201303_1512be73,yellow_tripdata_2015-12.parquet,157.04,True,config_B_more_memory
2026-04-17 20:18:05,query_20260417_201540_2b41d21f,yellow_tripdata_2016-01.parquet,144.47,True,config_B_more_memory
2026-04-17 20:20:37,query_20260417_201805_c51df041,yellow_tripdata_2016-02.parquet,151.52,True,config_B_more_memory
2026-04-17 20:23:15,query_20260417_202037_2be155ea,yellow_tripdata_2016-03.parquet,156.68,True,config_B_more_memory
2026-04-17 20:25:52,query_20260417_202315_11781f1d,yellow_tripdata_2016-04.parquet,156.21,True,config_B_more_memory
2026-04-17 20:28:32,query_20260417_202552_e1754cf9,yellow_tripdata_2016-05.parquet,159.37,True,config_B_more_memory
2026-04-17 20:30:55,query_20260417_202832_2b6df512,yellow_tripdata_2016-06.parquet,142.49,True,config_B_more_memory
2026-04-17 20:33:12,query_20260417_203055_b4f80ea6,yellow_tripdata_2016-07.parquet,137.08,True,config_B_more_memory
2026-04-17 20:35:32,query_20260417_203312_a09c9299,yellow_tripdata_2016-08.parquet,139.05,True,config_B_more_memory
2026-04-17 20:37:49,query_20260417_203532_c0f8b8ab,yellow_tripdata_2016-09.parquet,136.55,True,config_B_more_memory
2026-04-17 20:40:10,query_20260417_203749_3e94afd4,yellow_tripdata_2016-10.parquet,140.79,True,config_B_more_memory
2026-04-17 20:42:32,query_20260417_204010_fb58ca8d,yellow_tripdata_2016-11.parquet,141.35,True,config_B_more_memory
2026-04-17 20:44:56,query_20260417_204232_67131e40,yellow_tripdata_2016-12.parquet,143.44,True,config_B_more_memory
2026-04-17 20:47:13,query_20260417_204456_f5026849,yellow_tripdata_2017-01.parquet,136.32,True,config_B_more_memory
2026-04-17 20:49:23,query_20260417_204713_c860414b,yellow_tripdata_2017-02.parquet,129.78,True,config_B_more_memory
2026-04-17 20:51:41,query_20260417_204923_24cb6095,yellow_tripdata_2017-03.parquet,137.71,True,config_B_more_memory
2026-04-17 20:54:00,query_20260417_205142_afc45395,yellow_tripdata_2017-04.parquet,138.36,True,config_B_more_memory
2026-04-17 20:56:18,query_20260417_205400_219b4c46,yellow_tripdata_2017-05.parquet,137.35,True,config_B_more_memory
2026-04-17 20:58:29,query_20260417_205618_d64289ce,yellow_tripdata_2017-06.parquet,130.49,True,config_B_more_memory
2026-04-17 21:00:29,query_20260417_205829_26f7d96d,yellow_tripdata_2017-07.parquet,119.47,True,config_B_more_memory
2026-04-17 21:02:37,query_20260417_210029_f81aa181,yellow_tripdata_2017-08.parquet,127.52,True,config_B_more_memory
2026-04-17 21:04:43,query_20260417_210237_b0432ebd,yellow_tripdata_2017-09.parquet,125.41,True,config_B_more_memory
2026-04-17 21:07:01,query_20260417_210443_ffc5f488,yellow_tripdata_2017-10.parquet,137.01,True,config_B_more_memory
2026-04-17 21:09:17,query_20260417_210701_e82968d2,yellow_tripdata_2017-11.parquet,135.38,True,config_B_more_memory
2026-04-17 21:11:29,query_20260417_210917_9096dceb,yellow_tripdata_2017-12.parquet,131.18,True,config_B_more_memory
2026-04-17 21:13:36,query_20260417_211129_04d9289b,yellow_tripdata_2018-01.parquet,125.79,True,config_B_more_memory
2026-04-17 21:15:41,query_20260417_211336_b5acdc01,yellow_tripdata_2018-02.parquet,124.4,True,config_B_more_memory
2026-04-17 21:17:51,query_20260417_211541_115fe7ed,yellow_tripdata_2018-03.parquet,129.68,True,config_B_more_memory
2026-04-17 21:19:58,query_20260417_211751_a9848c67,yellow_tripdata_2018-04.parquet,126.23,True,config_B_more_memory
2026-04-17 21:22:06,query_20260417_211958_b6cd2c61,yellow_tripdata_2018-05.parquet,128.35,True,config_B_more_memory
2026-04-17 21:24:10,query_20260417_212207_4a15f057,yellow_tripdata_2018-06.parquet,123.3,True,config_B_more_memory
2026-04-17 21:26:06,query_20260417_212410_91054ab4,yellow_tripdata_2018-07.parquet,115.31,True,config_B_more_memory
2026-04-17 21:28:02,query_20260417_212606_6bf1b229,yellow_tripdata_2018-08.parquet,115.58,True,config_B_more_memory
2026-04-17 21:29:57,query_20260417_212802_b6f13096,yellow_tripdata_2018-09.parquet,114.31,True,config_B_more_memory
2026-04-17 21:32:00,query_20260417_212957_fdf7d035,yellow_tripdata_2018-10.parquet,122.35,True,config_B_more_memory
2026-04-17 21:33:51,query_20260417_213200_94f98913,yellow_tripdata_2018-11.parquet,110.63,True,config_B_more_memory
2026-04-17 21:35:47,query_20260417_213351_8f7d95cc,yellow_tripdata_2018-12.parquet,116.3,True,config_B_more_memory
2026-04-17 21:37:37,query_20260417_213548_b86ec48c,yellow_tripdata_2019-01.parquet,109.17,True,config_B_more_memory
2026-04-17 21:39:25,query_20260417_213737_2de27140,yellow_tripdata_2019-02.parquet,108.03,True,config_B_more_memory
2026-04-17 21:41:29,query_20260417_213926_2b4de9bc,yellow_tripdata_2019-03.parquet,122.84,True,config_B_more_memory
2026-04-17 21:43:16,query_20260417_214129_d9f8da66,yellow_tripdata_2019-04.parquet,106.3,True,config_B_more_memory
2026-04-17 21:45:09,query_20260417_214316_bd83d4f6,yellow_tripdata_2019-05.parquet,112.67,True,config_B_more_memory
2026-04-17 21:46:54,query_20260417_214509_7aaeb7ac,yellow_tripdata_2019-06.parquet,104.47,True,config_B_more_memory
2026-04-17 21:48:35,query_20260417_214654_a8ced412,yellow_tripdata_2019-07.parquet,100.75,True,config_B_more_memory
2026-04-17 21:50:11,query_20260417_214835_365a667f,yellow_tripdata_2019-08.parquet,95.44,True,config_B_more_memory
2026-04-17 21:51:51,query_20260417_215011_1ed7b33f,yellow_tripdata_2019-09.parquet,99.62,True,config_B_more_memory
2026-04-17 21:53:47,query_20260417_215151_b99c5822,yellow_tripdata_2019-10.parquet,115.6,True,config_B_more_memory
2026-04-17 21:55:31,query_20260417_215347_afbed611,yellow_tripdata_2019-11.parquet,104.23,True,config_B_more_memory
2026-04-17 21:57:14,query_20260417_215531_a97526f3,yellow_tripdata_2019-12.parquet,102.49,True,config_B_more_memory
2026-04-17 21:58:52,query_20260417_215714_7b33d6b3,yellow_tripdata_2020-01.parquet,97.47,True,config_B_more_memory
2026-04-17 22:00:29,query_20260417_215852_9e370682,yellow_tripdata_2020-02.parquet,96.19,True,config_B_more_memory
2026-04-17 22:01:32,query_20260417_220029_a4e7b748,yellow_tripdata_2020-03.parquet,63.33,True,config_B_more_memory
2026-04-17 22:02:11,query_20260417_220132_0bdc6f63,yellow_tripdata_2020-04.parquet,38.49,True,config_B_more_memory
2026-04-17 22:02:51,query_20260417_220211_b8bd7456,yellow_tripdata_2020-05.parquet,40.42,True,config_B_more_memory
2026-04-17 22:03:35,query_20260417_220251_e085db1f,yellow_tripdata_2020-06.parquet,43.62,True,config_B_more_memory
2026-04-17 22:04:21,query_20260417_220335_3372bf7d,yellow_tripdata_2020-07.parquet,45.35,True,config_B_more_memory
2026-04-17 22:05:09,query_20260417_220421_73450a88,yellow_tripdata_2020-08.parquet,48.44,True,config_B_more_memory
2026-04-17 22:05:59,query_20260417_220509_e2f34a20,yellow_tripdata_2020-09.parquet,49.3,True,config_B_more_memory
2026-04-17 22:06:51,query_20260417_220559_44c85185,yellow_tripdata_2020-10.parquet,52.19,True,config_B_more_memory
2026-04-17 22:07:44,query_20260417_220651_e0f9cad0,yellow_tripdata_2020-11.parquet,52.44,True,config_B_more_memory
2026-04-17 22:08:36,query_20260417_220744_48e20d0d,yellow_tripdata_2020-12.parquet,52.22,True,config_B_more_memory
2026-04-17 22:09:27,query_20260417_220836_6ee9a762,yellow_tripdata_2021-01.parquet,51.21,True,config_B_more_memory
2026-04-17 22:10:17,query_20260417_220928_94b146dc,yellow_tripdata_2021-02.parquet,49.4,True,config_B_more_memory
2026-04-17 22:11:14,query_20260417_221017_1687854e,yellow_tripdata_2021-03.parquet,56.3,True,config_B_more_memory
2026-04-17 22:12:12,query_20260417_221114_0c5a4e72,yellow_tripdata_2021-04.parquet,58.25,True,config_B_more_memory
2026-04-17 22:13:17,query_20260417_221212_d30a9515,yellow_tripdata_2021-05.parquet,64.46,True,config_B_more_memory
2026-04-17 22:14:20,query_20260417_221317_00570072,yellow_tripdata_2021-06.parquet,63.42,True,config_B_more_memory
2026-04-17 22:15:23,query_20260417_221420_43e5f338,yellow_tripdata_2021-07.parquet,62.37,True,config_B_more_memory
2026-04-17 22:16:30,query_20260417_221523_fbb2d397,yellow_tripdata_2021-08.parquet,66.56,True,config_B_more_memory
2026-04-17 22:17:36,query_20260417_221630_df010f28,yellow_tripdata_2021-09.parquet,66.43,True,config_B_more_memory
2026-04-17 22:18:45,query_20260417_221736_ce18310e,yellow_tripdata_2021-10.parquet,68.58,True,config_B_more_memory
2026-04-17 22:19:55,query_20260417_221845_f43e5ddf,yellow_tripdata_2021-11.parquet,69.68,True,config_B_more_memory
2026-04-17 22:21:02,query_20260417_221955_5bbaa3fa,yellow_tripdata_2021-12.parquet,66.43,True,config_B_more_memory
2026-04-17 22:22:03,query_20260417_222102_299d0df9,yellow_tripdata_2022-01.parquet,60.36,True,config_B_more_memory
2026-04-17 22:23:10,query_20260417_222203_5776ce89,yellow_tripdata_2022-02.parquet,66.65,True,config_B_more_memory
2026-04-17 22:24:20,query_20260417_222310_b0507a9a,yellow_tripdata_2022-03.parquet,70.33,True,config_B_more_memory
2026-04-17 22:25:32,query_20260417_222420_466855f4,yellow_tripdata_2022-04.parquet,71.35,True,config_B_more_memory
2026-04-17 22:26:46,query_20260417_222532_d227c035,yellow_tripdata_2022-05.parquet,73.68,True,config_B_more_memory
2026-04-17 22:27:58,query_20260417_222646_309d187f,yellow_tripdata_2022-06.parquet,71.55,True,config_B_more_memory
2026-04-17 22:29:06,query_20260417_222758_55b9f0f4,yellow_tripdata_2022-07.parquet,67.69,True,config_B_more_memory
2026-04-17 22:30:13,query_20260417_222906_089c5360,yellow_tripdata_2022-08.parquet,67.34,True,config_B_more_memory
2026-04-17 22:31:20,query_20260417_223013_e41be964,yellow_tripdata_2022-09.parquet,66.3,True,config_B_more_memory
2026-04-17 22:32:29,query_20260417_223120_65ee8e8f,yellow_tripdata_2022-10.parquet,69.28,True,config_B_more_memory
2026-04-17 22:33:37,query_20260417_223230_e3562f29,yellow_tripdata_2022-11.parquet,67.41,True,config_B_more_memory
2026-04-17 22:34:47,query_20260417_223337_8c3bdecf,yellow_tripdata_2022-12.parquet,69.22,True,config_B_more_memory
2026-04-17 22:35:53,query_20260417_223447_32549ddd,yellow_tripdata_2023-01.parquet,66.35,True,config_B_more_memory
2026-04-17 22:36:57,query_20260417_223553_6fdd4e6e,yellow_tripdata_2023-02.parquet,63.25,True,config_B_more_memory
2026-04-17 22:38:09,query_20260417_223657_536d2783,yellow_tripdata_2023-03.parquet,71.73,True,config_B_more_memory
2026-04-17 22:39:19,query_20260417_223809_e9ee4683,yellow_tripdata_2023-04.parquet,70.41,True,config_B_more_memory
2026-04-17 22:40:30,query_20260417_223920_84046f17,yellow_tripdata_2023-05.parquet,70.41,True,config_B_more_memory
2026-04-17 22:41:41,query_20260417_224030_5c2356fb,yellow_tripdata_2023-06.parquet,71.08,True,config_B_more_memory
2026-04-17 22:42:47,query_20260417_224142_72f4f24f,yellow_tripdata_2023-07.parquet,65.33,True,config_B_more_memory
2026-04-17 22:43:45,query_20260417_224247_45bad230,yellow_tripdata_2023-08.parquet,57.4,True,config_B_more_memory
2026-04-17 22:44:44,query_20260417_224345_a7207736,yellow_tripdata_2023-09.parquet,59.37,True,config_B_more_memory
2026-04-17 22:45:50,query_20260417_224444_b75db7be,yellow_tripdata_2023-10.parquet,65.32,True,config_B_more_memory
2026-04-17 22:46:53,query_20260417_224550_01c006b2,yellow_tripdata_2023-11.parquet,62.3,True,config_B_more_memory
2026-04-17 22:47:54,query_20260417_224653_ea85dd4d,yellow_tripdata_2023-12.parquet,61.32,True,config_B_more_memory
2026-04-17 22:50:39,query_20260417_224754_9ac737ff,yellow_tripdata_2015-01.parquet,164.68,True,config_C_more_cores
2026-04-17 22:53:24,query_20260417_225039_8512fbf1,yellow_tripdata_2015-02.parquet,163.98,True,config_C_more_cores
2026-04-17 22:56:26,query_20260417_225324_6675cb32,yellow_tripdata_2015-03.parquet,181.88,True,config_C_more_cores
2026-04-17 22:59:12,query_20260417_225626_ccb483ec,yellow_tripdata_2015-04.parquet,165.96,True,config_C_more_cores
2026-04-17 23:01:59,query_20260417_225912_22eac5ce,yellow_tripdata_2015-05.parquet,165.83,True,config_C_more_cores
2026-04-17 23:04:37,query_20260417_230159_5025c93c,yellow_tripdata_2015-06.parquet,157.97,True,config_C_more_cores
2026-04-17 23:07:18,query_20260417_230437_f1931969,yellow_tripdata_2015-07.parquet,159.9,True,config_C_more_cores
2026-04-17 23:09:54,query_20260417_230718_6347c9a3,yellow_tripdata_2015-08.parquet,155.98,True,config_C_more_cores
2026-04-17 23:12:29,query_20260417_230954_34ad600c,yellow_tripdata_2015-09.parquet,154.12,True,config_C_more_cores
2026-04-17 23:15:29,query_20260417_231229_d43935c7,yellow_tripdata_2015-10.parquet,179.98,True,config_C_more_cores
2026-04-17 23:18:04,query_20260417_231530_144451f5,yellow_tripdata_2015-11.parquet,153.88,True,config_C_more_cores
2026-04-17 23:20:39,query_20260417_231804_98e1d974,yellow_tripdata_2015-12.parquet,154.76,True,config_C_more_cores
2026-04-17 23:23:06,query_20260417_232039_422b29b0,yellow_tripdata_2016-01.parquet,145.76,True,config_C_more_cores
2026-04-17 23:25:35,query_20260417_232306_9da45dab,yellow_tripdata_2016-02.parquet,148.92,True,config_C_more_cores
2026-04-17 23:28:21,query_20260417_232535_c799e06e,yellow_tripdata_2016-03.parquet,165.33,True,config_C_more_cores
2026-04-17 23:31:16,query_20260417_232821_98e54d2b,yellow_tripdata_2016-04.parquet,174.01,True,config_C_more_cores
2026-04-17 23:33:55,query_20260417_233116_35e26719,yellow_tripdata_2016-05.parquet,158.92,True,config_C_more_cores
2026-04-17 23:36:23,query_20260417_233355_4c66d9a7,yellow_tripdata_2016-06.parquet,146.65,True,config_C_more_cores
2026-04-17 23:38:49,query_20260417_233623_7ccfe971,yellow_tripdata_2016-07.parquet,145.8,True,config_C_more_cores
2026-04-17 23:41:07,query_20260417_233849_70ec8a9a,yellow_tripdata_2016-08.parquet,137.8,True,config_C_more_cores
2026-04-17 23:43:28,query_20260417_234107_0e7b0c9e,yellow_tripdata_2016-09.parquet,140.69,True,config_C_more_cores
2026-04-17 23:45:53,query_20260417_234328_32b53b60,yellow_tripdata_2016-10.parquet,143.7,True,config_C_more_cores
2026-04-17 23:48:14,query_20260417_234553_c46b0a60,yellow_tripdata_2016-11.parquet,140.76,True,config_C_more_cores
2026-04-17 23:50:48,query_20260417_234814_0d4fedf9,yellow_tripdata_2016-12.parquet,153.16,True,config_C_more_cores
2026-04-17 23:53:05,query_20260417_235048_75992bbd,yellow_tripdata_2017-01.parquet,136.75,True,config_C_more_cores
2026-04-17 23:55:20,query_20260417_235305_3584eda4,yellow_tripdata_2017-02.parquet,134.91,True,config_C_more_cores
2026-04-17 23:57:45,query_20260417_235521_e107c6ae,yellow_tripdata_2017-03.parquet,144.01,True,config_C_more_cores
2026-04-18 00:00:05,query_20260417_235745_02adf0db,yellow_tripdata_2017-04.parquet,139.89,True,config_C_more_cores
2026-04-18 00:02:24,query_20260418_000006_cc22913d,yellow_tripdata_2017-05.parquet,138.13,True,config_C_more_cores
2026-04-18 00:04:40,query_20260418_000224_3038425e,yellow_tripdata_2017-06.parquet,134.93,True,config_C_more_cores
2026-04-18 00:06:42,query_20260418_000440_fbb00148,yellow_tripdata_2017-07.parquet,121.83,True,config_C_more_cores
2026-04-18 00:08:39,query_20260418_000642_009a5f18,yellow_tripdata_2017-08.parquet,116.97,True,config_C_more_cores
2026-04-18 00:10:50,query_20260418_000840_c8e5e308,yellow_tripdata_2017-09.parquet,129.84,True,config_C_more_cores
2026-04-18 00:13:05,query_20260418_001050_73d9a80e,yellow_tripdata_2017-10.parquet,134.75,True,config_C_more_cores
2026-04-18 00:15:19,query_20260418_001305_6e946850,yellow_tripdata_2017-11.parquet,133.29,True,config_C_more_cores
2026-04-18 00:17:25,query_20260418_001519_198ac05a,yellow_tripdata_2017-12.parquet,125.72,True,config_C_more_cores
2026-04-18 00:19:28,query_20260418_001725_3842d474,yellow_tripdata_2018-01.parquet,122.24,True,config_C_more_cores
2026-04-18 00:21:35,query_20260418_001928_1097ded8,yellow_tripdata_2018-02.parquet,125.89,True,config_C_more_cores
2026-04-18 00:23:52,query_20260418_002135_9a3a85a5,yellow_tripdata_2018-03.parquet,137.03,True,config_C_more_cores
2026-04-18 00:26:04,query_20260418_002352_605524a3,yellow_tripdata_2018-04.parquet,130.9,True,config_C_more_cores
2026-04-18 00:28:10,query_20260418_002604_1ff5e813,yellow_tripdata_2018-05.parquet,126.0,True,config_C_more_cores
2026-04-18 00:30:16,query_20260418_002810_789b899e,yellow_tripdata_2018-06.parquet,125.07,True,config_C_more_cores
2026-04-18 00:32:07,query_20260418_003016_dcceffe4,yellow_tripdata_2018-07.parquet,110.8,True,config_C_more_cores
2026-04-18 00:33:53,query_20260418_003207_73f92378,yellow_tripdata_2018-08.parquet,105.93,True,config_C_more_cores
2026-04-18 00:35:47,query_20260418_003354_d04c6f5f,yellow_tripdata_2018-09.parquet,112.7,True,config_C_more_cores
2026-04-18 00:37:51,query_20260418_003547_92968470,yellow_tripdata_2018-10.parquet,124.19,True,config_C_more_cores
2026-04-18 00:39:44,query_20260418_003751_b959b338,yellow_tripdata_2018-11.parquet,111.74,True,config_C_more_cores
2026-04-18 00:41:50,query_20260418_003944_74ac15dd,yellow_tripdata_2018-12.parquet,125.72,True,config_C_more_cores
2026-04-18 00:43:38,query_20260418_004150_dd08d5ae,yellow_tripdata_2019-01.parquet,108.1,True,config_C_more_cores
2026-04-18 00:45:23,query_20260418_004338_2351a9ad,yellow_tripdata_2019-02.parquet,103.96,True,config_C_more_cores
2026-04-18 00:47:13,query_20260418_004523_26f6a5ee,yellow_tripdata_2019-03.parquet,109.72,True,config_C_more_cores
2026-04-18 00:48:59,query_20260418_004713_1cd2832c,yellow_tripdata_2019-04.parquet,105.9,True,config_C_more_cores
2026-04-18 00:50:56,query_20260418_004859_aef4b1a2,yellow_tripdata_2019-05.parquet,116.69,True,config_C_more_cores
2026-04-18 00:52:37,query_20260418_005056_23646a3c,yellow_tripdata_2019-06.parquet,100.9,True,config_C_more_cores
2026-04-18 00:54:20,query_20260418_005238_174553c9,yellow_tripdata_2019-07.parquet,101.84,True,config_C_more_cores
2026-04-18 00:55:54,query_20260418_005420_8b68672d,yellow_tripdata_2019-08.parquet,93.61,True,config_C_more_cores
2026-04-18 00:57:38,query_20260418_005554_e9f9f837,yellow_tripdata_2019-09.parquet,103.63,True,config_C_more_cores
2026-04-18 00:59:20,query_20260418_005738_39dd76dd,yellow_tripdata_2019-10.parquet,101.78,True,config_C_more_cores
2026-04-18 01:01:08,query_20260418_005920_1566ca29,yellow_tripdata_2019-11.parquet,107.74,True,config_C_more_cores
2026-04-18 01:02:58,query_20260418_010108_0055e211,yellow_tripdata_2019-12.parquet,109.82,True,config_C_more_cores
2026-04-18 01:04:40,query_20260418_010258_739e10b3,yellow_tripdata_2020-01.parquet,101.72,True,config_C_more_cores
2026-04-18 01:06:16,query_20260418_010440_b5cf7222,yellow_tripdata_2020-02.parquet,95.79,True,config_C_more_cores
2026-04-18 01:07:21,query_20260418_010616_c3fc2579,yellow_tripdata_2020-03.parquet,63.97,True,config_C_more_cores
2026-04-18 01:07:57,query_20260418_010721_c08b54d2,yellow_tripdata_2020-04.parquet,36.77,True,config_C_more_cores
2026-04-18 01:08:28,query_20260418_010758_fa11f984,yellow_tripdata_2020-05.parquet,30.82,True,config_C_more_cores
2026-04-18 01:09:07,query_20260418_010828_80c9fb5c,yellow_tripdata_2020-06.parquet,38.84,True,config_C_more_cores
2026-04-18 01:09:46,query_20260418_010907_5e9cc73e,yellow_tripdata_2020-07.parquet,38.73,True,config_C_more_cores
2026-04-18 01:10:30,query_20260418_010946_cbea296a,yellow_tripdata_2020-08.parquet,43.75,True,config_C_more_cores
2026-04-18 01:11:15,query_20260418_011030_c3677eda,yellow_tripdata_2020-09.parquet,44.7,True,config_C_more_cores
2026-04-18 01:12:06,query_20260418_011115_835d0be6,yellow_tripdata_2020-10.parquet,50.86,True,config_C_more_cores
2026-04-18 01:12:52,query_20260418_011206_1bc653fd,yellow_tripdata_2020-11.parquet,45.79,True,config_C_more_cores
2026-04-18 01:13:37,query_20260418_011252_30ef8380,yellow_tripdata_2020-12.parquet,44.71,True,config_C_more_cores
2026-04-18 01:14:24,query_20260418_011337_fb8b8493,yellow_tripdata_2021-01.parquet,46.55,True,config_C_more_cores
2026-04-18 01:15:10,query_20260418_011424_f2ccf187,yellow_tripdata_2021-02.parquet,46.5,True,config_C_more_cores
2026-04-18 01:16:03,query_20260418_011510_b8ff9cf6,yellow_tripdata_2021-03.parquet,52.68,True,config_C_more_cores
2026-04-18 01:16:58,query_20260418_011603_d7bd996a,yellow_tripdata_2021-04.parquet,54.91,True,config_C_more_cores
2026-04-18 01:17:53,query_20260418_011658_f33974d1,yellow_tripdata_2021-05.parquet,54.56,True,config_C_more_cores
2026-04-18 01:18:52,query_20260418_011753_e49b4f6a,yellow_tripdata_2021-06.parquet,58.6,True,config_C_more_cores
2026-04-18 01:19:55,query_20260418_011852_94f9e159,yellow_tripdata_2021-07.parquet,62.71,True,config_C_more_cores
2026-04-18 01:20:56,query_20260418_011955_dd8f23d4,yellow_tripdata_2021-08.parquet,60.68,True,config_C_more_cores
2026-04-18 01:22:00,query_20260418_012056_de728fa8,yellow_tripdata_2021-09.parquet,63.7,True,config_C_more_cores
2026-04-18 01:23:05,query_20260418_012200_d17ce7da,yellow_tripdata_2021-10.parquet,64.82,True,config_C_more_cores
2026-04-18 01:24:11,query_20260418_012305_09858643,yellow_tripdata_2021-11.parquet,65.89,True,config_C_more_cores
2026-04-18 01:25:16,query_20260418_012411_ed10c13c,yellow_tripdata_2021-12.parquet,64.69,True,config_C_more_cores
2026-04-18 01:26:15,query_20260418_012516_6c8abf68,yellow_tripdata_2022-01.parquet,58.7,True,config_C_more_cores
2026-04-18 01:27:17,query_20260418_012615_a0c6aa04,yellow_tripdata_2022-02.parquet,61.89,True,config_C_more_cores
2026-04-18 01:28:27,query_20260418_012717_d6eb71f8,yellow_tripdata_2022-03.parquet,68.89,True,config_C_more_cores
2026-04-18 01:29:33,query_20260418_012827_23b625f5,yellow_tripdata_2022-04.parquet,65.89,True,config_C_more_cores
2026-04-18 01:30:44,query_20260418_012933_8d8b8c43,yellow_tripdata_2022-05.parquet,70.72,True,config_C_more_cores
2026-04-18 01:31:52,query_20260418_013044_8a0401e7,yellow_tripdata_2022-06.parquet,67.9,True,config_C_more_cores
2026-04-18 01:32:57,query_20260418_013152_9b53913e,yellow_tripdata_2022-07.parquet,64.5,True,config_C_more_cores
2026-04-18 01:34:00,query_20260418_013257_5add6045,yellow_tripdata_2022-08.parquet,62.65,True,config_C_more_cores
2026-04-18 01:35:04,query_20260418_013400_702d75a2,yellow_tripdata_2022-09.parquet,63.83,True,config_C_more_cores
2026-04-18 01:36:14,query_20260418_013504_14f80f2f,yellow_tripdata_2022-10.parquet,69.96,True,config_C_more_cores
2026-04-18 01:37:15,query_20260418_013614_85409d1c,yellow_tripdata_2022-11.parquet,60.79,True,config_C_more_cores
2026-04-18 01:38:19,query_20260418_013715_bc8b9722,yellow_tripdata_2022-12.parquet,63.87,True,config_C_more_cores
2026-04-18 01:39:22,query_20260418_013820_b1a6485c,yellow_tripdata_2023-01.parquet,62.77,True,config_C_more_cores
2026-04-18 01:40:26,query_20260418_013923_9c1b717a,yellow_tripdata_2023-02.parquet,62.93,True,config_C_more_cores
2026-04-18 01:41:35,query_20260418_014026_9353a284,yellow_tripdata_2023-03.parquet,68.63,True,config_C_more_cores
2026-04-18 01:42:40,query_20260418_014135_e02c4e9c,yellow_tripdata_2023-04.parquet,64.66,True,config_C_more_cores
2026-04-18 01:43:46,query_20260418_014240_13c80648,yellow_tripdata_2023-05.parquet,66.59,True,config_C_more_cores
2026-04-18 01:44:54,query_20260418_014347_ad0bc297,yellow_tripdata_2023-06.parquet,66.85,True,config_C_more_cores
2026-04-18 01:45:58,query_20260418_014454_9819ae28,yellow_tripdata_2023-07.parquet,63.68,True,config_C_more_cores
2026-04-18 01:46:53,query_20260418_014558_29f01cc5,yellow_tripdata_2023-08.parquet,55.19,True,config_C_more_cores
2026-04-18 01:47:49,query_20260418_014653_9088944c,yellow_tripdata_2023-09.parquet,55.79,True,config_C_more_cores
2026-04-18 01:48:50,query_20260418_014749_22e8e689,yellow_tripdata_2023-10.parquet,60.7,True,config_C_more_cores
2026-04-18 01:49:47,query_20260418_014850_7b221c71,yellow_tripdata_2023-11.parquet,56.73,True,config_C_more_cores
2026-04-18 01:50:48,query_20260418_014947_ecff64b6,yellow_tripdata_2023-12.parquet,60.65,True,config_C_more_cores
2026-04-18 01:53:27,query_20260418_015048_12d761cf,yellow_tripdata_2015-01.parquet,157.88,True,config_D_balanced
2026-04-18 01:56:02,query_20260418_015327_9b8addfc,yellow_tripdata_2015-02.parquet,154.93,True,config_D_balanced
2026-04-18 01:58:41,query_20260418_015602_b8163462,yellow_tripdata_2015-03.parquet,157.88,True,config_D_balanced
2026-04-18 02:01:27,query_20260418_015841_f9b9413a,yellow_tripdata_2015-04.parquet,165.97,True,config_D_balanced
2026-04-18 02:04:15,query_20260418_020127_72de08e7,yellow_tripdata_2015-05.parquet,166.84,True,config_D_balanced
2026-04-18 02:06:45,query_20260418_020415_221503ce,yellow_tripdata_2015-06.parquet,149.87,True,config_D_balanced
2026-04-18 02:09:18,query_20260418_020645_c0653f91,yellow_tripdata_2015-07.parquet,151.89,True,config_D_balanced
2026-04-18 02:11:47,query_20260418_020918_f3602372,yellow_tripdata_2015-08.parquet,148.74,True,config_D_balanced
2026-04-18 02:14:22,query_20260418_021147_221a7513,yellow_tripdata_2015-09.parquet,154.01,True,config_D_balanced
2026-04-18 02:16:59,query_20260418_021422_6dd2ce8d,yellow_tripdata_2015-10.parquet,156.92,True,config_D_balanced
2026-04-18 02:19:27,query_20260418_021659_5f8883b1,yellow_tripdata_2015-11.parquet,146.93,True,config_D_balanced
2026-04-18 02:21:51,query_20260418_021927_72bfd267,yellow_tripdata_2015-12.parquet,143.82,True,config_D_balanced
2026-04-18 02:24:15,query_20260418_022151_1b50c3ef,yellow_tripdata_2016-01.parquet,142.67,True,config_D_balanced
2026-04-18 02:26:38,query_20260418_022415_1425c019,yellow_tripdata_2016-02.parquet,142.56,True,config_D_balanced
2026-04-18 02:29:09,query_20260418_022639_3f7208d4,yellow_tripdata_2016-03.parquet,149.78,True,config_D_balanced
2026-04-18 02:31:41,query_20260418_022909_d4614872,yellow_tripdata_2016-04.parquet,152.1,True,config_D_balanced
2026-04-18 02:34:31,query_20260418_023142_9dab0aff,yellow_tripdata_2016-05.parquet,168.57,True,config_D_balanced
2026-04-18 02:36:49,query_20260418_023431_caf47513,yellow_tripdata_2016-06.parquet,137.84,True,config_D_balanced
2026-04-18 02:39:07,query_20260418_023649_44a60a30,yellow_tripdata_2016-07.parquet,136.74,True,config_D_balanced
2026-04-18 02:41:22,query_20260418_023907_a0419098,yellow_tripdata_2016-08.parquet,134.69,True,config_D_balanced
2026-04-18 02:43:39,query_20260418_024122_421fd51d,yellow_tripdata_2016-09.parquet,137.13,True,config_D_balanced
2026-04-18 02:46:07,query_20260418_024339_9c8b9631,yellow_tripdata_2016-10.parquet,147.03,True,config_D_balanced
2026-04-18 02:48:31,query_20260418_024607_bbe16ddb,yellow_tripdata_2016-11.parquet,143.05,True,config_D_balanced
2026-04-18 02:50:57,query_20260418_024831_39484d17,yellow_tripdata_2016-12.parquet,145.67,True,config_D_balanced
2026-04-18 02:53:05,query_20260418_025057_141878ac,yellow_tripdata_2017-01.parquet,126.98,True,config_D_balanced
2026-04-18 02:55:12,query_20260418_025305_65e447c8,yellow_tripdata_2017-02.parquet,126.67,True,config_D_balanced
2026-04-18 02:57:29,query_20260418_025512_a8ddbc24,yellow_tripdata_2017-03.parquet,136.66,True,config_D_balanced
2026-04-18 02:59:44,query_20260418_025729_72c836b9,yellow_tripdata_2017-04.parquet,134.08,True,config_D_balanced
2026-04-18 03:01:52,query_20260418_025944_e826d820,yellow_tripdata_2017-05.parquet,127.74,True,config_D_balanced
2026-04-18 03:04:02,query_20260418_030152_763aad74,yellow_tripdata_2017-06.parquet,129.79,True,config_D_balanced
2026-04-18 03:06:12,query_20260418_030403_147ddc1a,yellow_tripdata_2017-07.parquet,128.6,True,config_D_balanced
2026-04-18 03:08:09,query_20260418_030612_d9b8eea5,yellow_tripdata_2017-08.parquet,116.64,True,config_D_balanced
2026-04-18 03:10:12,query_20260418_030809_3bddfef3,yellow_tripdata_2017-09.parquet,122.58,True,config_D_balanced
2026-04-18 03:12:32,query_20260418_031012_f09a8aee,yellow_tripdata_2017-10.parquet,139.78,True,config_D_balanced
2026-04-18 03:14:39,query_20260418_031232_18c6064b,yellow_tripdata_2017-11.parquet,126.87,True,config_D_balanced
2026-04-18 03:16:53,query_20260418_031440_e6fb6162,yellow_tripdata_2017-12.parquet,132.84,True,config_D_balanced
2026-04-18 03:18:58,query_20260418_031653_cc8313a0,yellow_tripdata_2018-01.parquet,124.63,True,config_D_balanced
2026-04-18 03:20:56,query_20260418_031858_e60b8be7,yellow_tripdata_2018-02.parquet,117.9,True,config_D_balanced
2026-04-18 03:23:03,query_20260418_032056_33bcdf7f,yellow_tripdata_2018-03.parquet,126.57,True,config_D_balanced
2026-04-18 03:25:06,query_20260418_032303_7fc9fac1,yellow_tripdata_2018-04.parquet,121.79,True,config_D_balanced
2026-04-18 03:27:19,query_20260418_032506_84c911b2,yellow_tripdata_2018-05.parquet,132.86,True,config_D_balanced
2026-04-18 03:29:17,query_20260418_032719_19c2b027,yellow_tripdata_2018-06.parquet,117.59,True,config_D_balanced
2026-04-18 03:31:09,query_20260418_032917_c8ce9c26,yellow_tripdata_2018-07.parquet,110.8,True,config_D_balanced
2026-04-18 03:32:58,query_20260418_033109_cdfd8d15,yellow_tripdata_2018-08.parquet,108.96,True,config_D_balanced
2026-04-18 03:34:59,query_20260418_033258_fbcfbf62,yellow_tripdata_2018-09.parquet,120.73,True,config_D_balanced
2026-04-18 03:36:54,query_20260418_033459_bd391f06,yellow_tripdata_2018-10.parquet,114.75,True,config_D_balanced
2026-04-18 03:38:47,query_20260418_033654_4b97fab6,yellow_tripdata_2018-11.parquet,111.74,True,config_D_balanced
2026-04-18 03:40:43,query_20260418_033847_0b99a5a6,yellow_tripdata_2018-12.parquet,115.78,True,config_D_balanced
2026-04-18 03:42:29,query_20260418_034043_7ed561b7,yellow_tripdata_2019-01.parquet,105.73,True,config_D_balanced
2026-04-18 03:44:14,query_20260418_034229_f5521e04,yellow_tripdata_2019-02.parquet,104.72,True,config_D_balanced
2026-04-18 03:46:05,query_20260418_034414_9d623900,yellow_tripdata_2019-03.parquet,110.59,True,config_D_balanced
2026-04-18 03:47:48,query_20260418_034605_284889da,yellow_tripdata_2019-04.parquet,102.57,True,config_D_balanced
2026-04-18 03:49:35,query_20260418_034748_7efaa60e,yellow_tripdata_2019-05.parquet,106.66,True,config_D_balanced
2026-04-18 03:51:20,query_20260418_034935_89855b6b,yellow_tripdata_2019-06.parquet,104.96,True,config_D_balanced
2026-04-18 03:53:01,query_20260418_035121_53cef12c,yellow_tripdata_2019-07.parquet,100.07,True,config_D_balanced
2026-04-18 03:54:32,query_20260418_035301_e88e546a,yellow_tripdata_2019-08.parquet,90.71,True,config_D_balanced
2026-04-18 03:56:08,query_20260418_035432_1f8b0614,yellow_tripdata_2019-09.parquet,95.51,True,config_D_balanced
2026-04-18 03:57:53,query_20260418_035608_b14da2e8,yellow_tripdata_2019-10.parquet,104.69,True,config_D_balanced
2026-04-18 03:59:34,query_20260418_035753_8cbb71e1,yellow_tripdata_2019-11.parquet,100.59,True,config_D_balanced
2026-04-18 04:01:20,query_20260418_035934_4eb41439,yellow_tripdata_2019-12.parquet,105.86,True,config_D_balanced
2026-04-18 04:02:58,query_20260418_040120_142495d3,yellow_tripdata_2020-01.parquet,97.6,True,config_D_balanced
2026-04-18 04:04:34,query_20260418_040258_d70dcb3a,yellow_tripdata_2020-02.parquet,95.85,True,config_D_balanced
2026-04-18 04:05:38,query_20260418_040435_319855c7,yellow_tripdata_2020-03.parquet,63.19,True,config_D_balanced
2026-04-18 04:06:12,query_20260418_040538_4b444d98,yellow_tripdata_2020-04.parquet,33.72,True,config_D_balanced
2026-04-18 04:06:49,query_20260418_040612_c63b2034,yellow_tripdata_2020-05.parquet,36.6,True,config_D_balanced
2026-04-18 04:07:28,query_20260418_040649_08aaeeb6,yellow_tripdata_2020-06.parquet,39.74,True,config_D_balanced
2026-04-18 04:08:09,query_20260418_040729_6810f75e,yellow_tripdata_2020-07.parquet,40.64,True,config_D_balanced
2026-04-18 04:08:50,query_20260418_040809_99518cd7,yellow_tripdata_2020-08.parquet,40.72,True,config_D_balanced
2026-04-18 04:09:33,query_20260418_040850_6f04898d,yellow_tripdata_2020-09.parquet,42.63,True,config_D_balanced
2026-04-18 04:10:22,query_20260418_040933_cad6ed06,yellow_tripdata_2020-10.parquet,48.71,True,config_D_balanced
2026-04-18 04:11:11,query_20260418_041022_37223359,yellow_tripdata_2020-11.parquet,48.88,True,config_D_balanced
2026-04-18 04:11:57,query_20260418_041111_4b0bc9c3,yellow_tripdata_2020-12.parquet,45.53,True,config_D_balanced
2026-04-18 04:12:42,query_20260418_041157_8d4fe2f6,yellow_tripdata_2021-01.parquet,44.84,True,config_D_balanced
2026-04-18 04:13:29,query_20260418_041242_8732e293,yellow_tripdata_2021-02.parquet,46.61,True,config_D_balanced
2026-04-18 04:14:20,query_20260418_041329_fcd5732c,yellow_tripdata_2021-03.parquet,51.55,True,config_D_balanced
2026-04-18 04:15:14,query_20260418_041421_181be72e,yellow_tripdata_2021-04.parquet,53.55,True,config_D_balanced
2026-04-18 04:16:11,query_20260418_041514_ef3d6302,yellow_tripdata_2021-05.parquet,56.66,True,config_D_balanced
2026-04-18 04:17:12,query_20260418_041611_a46ff807,yellow_tripdata_2021-06.parquet,60.62,True,config_D_balanced
2026-04-18 04:18:12,query_20260418_041712_f1988127,yellow_tripdata_2021-07.parquet,59.56,True,config_D_balanced
2026-04-18 04:19:12,query_20260418_041812_521810b9,yellow_tripdata_2021-08.parquet,59.73,True,config_D_balanced
2026-04-18 04:20:10,query_20260418_041912_7dde4c28,yellow_tripdata_2021-09.parquet,58.32,True,config_D_balanced
2026-04-18 04:21:16,query_20260418_042011_bccc2b2f,yellow_tripdata_2021-10.parquet,65.49,True,config_D_balanced
2026-04-18 04:22:20,query_20260418_042116_cd578d02,yellow_tripdata_2021-11.parquet,63.61,True,config_D_balanced
2026-04-18 04:23:25,query_20260418_042220_a36601fc,yellow_tripdata_2021-12.parquet,64.78,True,config_D_balanced
2026-04-18 04:24:22,query_20260418_042325_60ca40b9,yellow_tripdata_2022-01.parquet,56.61,True,config_D_balanced
2026-04-18 04:25:23,query_20260418_042422_53759b1e,yellow_tripdata_2022-02.parquet,60.51,True,config_D_balanced
2026-04-18 04:26:30,query_20260418_042523_f2f7b075,yellow_tripdata_2022-03.parquet,66.69,True,config_D_balanced
2026-04-18 04:27:34,query_20260418_042630_c82c185d,yellow_tripdata_2022-04.parquet,63.5,True,config_D_balanced
2026-04-18 04:28:41,query_20260418_042734_e29ec42f,yellow_tripdata_2022-05.parquet,67.59,True,config_D_balanced
2026-04-18 04:29:49,query_20260418_042842_08689acd,yellow_tripdata_2022-06.parquet,67.63,True,config_D_balanced
2026-04-18 04:30:50,query_20260418_042950_54658e1b,yellow_tripdata_2022-07.parquet,60.68,True,config_D_balanced
2026-04-18 04:31:50,query_20260418_043050_afdb62dc,yellow_tripdata_2022-08.parquet,59.33,True,config_D_balanced
2026-04-18 04:32:53,query_20260418_043150_ac0bbe57,yellow_tripdata_2022-09.parquet,62.54,True,config_D_balanced
2026-04-18 04:34:05,query_20260418_043253_bd1f6aca,yellow_tripdata_2022-10.parquet,71.54,True,config_D_balanced
2026-04-18 04:35:07,query_20260418_043405_36c24ac6,yellow_tripdata_2022-11.parquet,62.65,True,config_D_balanced
2026-04-18 04:36:12,query_20260418_043508_8ca28b4e,yellow_tripdata_2022-12.parquet,64.74,True,config_D_balanced
2026-04-18 04:37:15,query_20260418_043613_8f2d03c4,yellow_tripdata_2023-01.parquet,62.52,True,config_D_balanced
2026-04-18 04:38:15,query_20260418_043715_d5b33b34,yellow_tripdata_2023-02.parquet,59.82,True,config_D_balanced
2026-04-18 04:39:26,query_20260418_043815_1a4e098a,yellow_tripdata_2023-03.parquet,70.67,True,config_D_balanced
2026-04-18 04:40:33,query_20260418_043926_fb4bce94,yellow_tripdata_2023-04.parquet,66.69,True,config_D_balanced
2026-04-18 04:41:39,query_20260418_044033_b4278d76,yellow_tripdata_2023-05.parquet,65.62,True,config_D_balanced
2026-04-18 04:42:41,query_20260418_044139_75e2d6fb,yellow_tripdata_2023-06.parquet,61.4,True,config_D_balanced
2026-04-18 04:43:42,query_20260418_044241_36f23b44,yellow_tripdata_2023-07.parquet,60.82,True,config_D_balanced
2026-04-18 04:44:39,query_20260418_044342_55272f29,yellow_tripdata_2023-08.parquet,56.63,True,config_D_balanced
2026-04-18 04:45:36,query_20260418_044439_2725fa8a,yellow_tripdata_2023-09.parquet,57.22,True,config_D_balanced
2026-04-18 04:46:38,query_20260418_044536_525507c8,yellow_tripdata_2023-10.parquet,60.84,True,config_D_balanced
2026-04-18 04:47:36,query_20260418_044638_bfdd12c0,yellow_tripdata_2023-11.parquet,57.84,True,config_D_balanced
2026-04-18 04:48:36,query_20260418_044736_82f2894d,yellow_tripdata_2023-12.parquet,59.66,True,config_D_balanced
2026-04-18 04:51:23,query_20260418_044836_8e6b97f3,yellow_tripdata_2015-01.parquet,166.65,True,config_A_baseline
2026-04-18 04:54:10,query_20260418_045123_2c2ebf38,yellow_tripdata_2015-02.parquet,167.41,True,config_A_baseline
2026-04-18 04:57:04,query_20260418_045411_92db8b1b,yellow_tripdata_2015-03.parquet,173.42,True,config_A_baseline
2026-04-18 04:59:53,query_20260418_045704_1bf840c1,yellow_tripdata_2015-04.parquet,168.61,True,config_A_baseline
2026-04-18 05:02:41,query_20260418_045953_d0060eaa,yellow_tripdata_2015-05.parquet,167.5,True,config_A_baseline
2026-04-18 05:05:20,query_20260418_050241_aabfd6a5,yellow_tripdata_2015-06.parquet,157.46,True,config_A_baseline
2026-04-18 05:07:57,query_20260418_050520_95a2f877,yellow_tripdata_2015-07.parquet,157.3,True,config_A_baseline
2026-04-18 05:10:35,query_20260418_050758_3b284cbc,yellow_tripdata_2015-08.parquet,156.61,True,config_A_baseline
2026-04-18 05:13:17,query_20260418_051035_da708a11,yellow_tripdata_2015-09.parquet,161.49,True,config_A_baseline
2026-04-18 05:16:08,query_20260418_051317_ce229633,yellow_tripdata_2015-10.parquet,170.75,True,config_A_baseline
2026-04-18 05:18:40,query_20260418_051608_4de6b2d3,yellow_tripdata_2015-11.parquet,151.62,True,config_A_baseline
2026-04-18 05:21:24,query_20260418_051840_95bed290,yellow_tripdata_2015-12.parquet,162.54,True,config_A_baseline
2026-04-18 05:23:53,query_20260418_052124_97a5a3b0,yellow_tripdata_2016-01.parquet,149.35,True,config_A_baseline
2026-04-18 05:26:26,query_20260418_052354_baed08a3,yellow_tripdata_2016-02.parquet,152.29,True,config_A_baseline
2026-04-18 05:29:08,query_20260418_052626_7acb4733,yellow_tripdata_2016-03.parquet,161.38,True,config_A_baseline
2026-04-18 05:31:45,query_20260418_052909_e7a4022c,yellow_tripdata_2016-04.parquet,155.72,True,config_A_baseline
2026-04-18 05:34:21,query_20260418_053145_e7f00cfb,yellow_tripdata_2016-05.parquet,155.38,True,config_A_baseline
2026-04-18 05:36:54,query_20260418_053421_02d6e0fd,yellow_tripdata_2016-06.parquet,152.54,True,config_A_baseline
2026-04-18 05:39:20,query_20260418_053654_546318c2,yellow_tripdata_2016-07.parquet,145.34,True,config_A_baseline
2026-04-18 05:41:41,query_20260418_053920_4af9d82c,yellow_tripdata_2016-08.parquet,140.36,True,config_A_baseline
2026-04-18 05:44:07,query_20260418_054141_f08ace77,yellow_tripdata_2016-09.parquet,145.77,True,config_A_baseline
2026-04-18 05:46:40,query_20260418_054407_93468f3f,yellow_tripdata_2016-10.parquet,152.18,True,config_A_baseline
2026-04-18 05:49:02,query_20260418_054640_0ddf14b7,yellow_tripdata_2016-11.parquet,141.46,True,config_A_baseline
2026-04-18 05:51:28,query_20260418_054902_7f199adb,yellow_tripdata_2016-12.parquet,145.39,True,config_A_baseline
2026-04-18 05:53:41,query_20260418_055128_4f3ba173,yellow_tripdata_2017-01.parquet,132.33,True,config_A_baseline
2026-04-18 05:55:53,query_20260418_055341_94c88a58,yellow_tripdata_2017-02.parquet,132.43,True,config_A_baseline
2026-04-18 05:58:21,query_20260418_055554_4910b73a,yellow_tripdata_2017-03.parquet,146.94,True,config_A_baseline
2026-04-18 06:00:45,query_20260418_055821_94ef0d22,yellow_tripdata_2017-04.parquet,143.75,True,config_A_baseline
2026-04-18 06:03:08,query_20260418_060046_e98efb7f,yellow_tripdata_2017-05.parquet,141.47,True,config_A_baseline
2026-04-18 06:05:22,query_20260418_060308_8e66286f,yellow_tripdata_2017-06.parquet,134.33,True,config_A_baseline
2026-04-18 06:07:23,query_20260418_060523_5e1e5a60,yellow_tripdata_2017-07.parquet,120.41,True,config_A_baseline
2026-04-18 06:09:26,query_20260418_060723_b32811a4,yellow_tripdata_2017-08.parquet,122.45,True,config_A_baseline
2026-04-18 06:11:35,query_20260418_060926_6cf6ec2a,yellow_tripdata_2017-09.parquet,128.5,True,config_A_baseline
2026-04-18 06:13:53,query_20260418_061136_2733d7b5,yellow_tripdata_2017-10.parquet,136.56,True,config_A_baseline
2026-04-18 06:16:04,query_20260418_061353_c728d59e,yellow_tripdata_2017-11.parquet,131.07,True,config_A_baseline
2026-04-18 06:18:21,query_20260418_061605_a082d869,yellow_tripdata_2017-12.parquet,136.35,True,config_A_baseline
2026-04-18 06:20:24,query_20260418_061821_3b9d2726,yellow_tripdata_2018-01.parquet,122.29,True,config_A_baseline
2026-04-18 06:22:24,query_20260418_062024_cc907ce0,yellow_tripdata_2018-02.parquet,119.47,True,config_A_baseline
2026-04-18 06:24:39,query_20260418_062224_c5d347bf,yellow_tripdata_2018-03.parquet,134.44,True,config_A_baseline
2026-04-18 06:26:48,query_20260418_062439_c634b808,yellow_tripdata_2018-04.parquet,128.43,True,config_A_baseline
2026-04-18 06:28:57,query_20260418_062648_73c041fb,yellow_tripdata_2018-05.parquet,128.62,True,config_A_baseline
2026-04-18 06:30:58,query_20260418_062857_2b7821a4,yellow_tripdata_2018-06.parquet,120.11,True,config_A_baseline
2026-04-18 06:32:53,query_20260418_063058_96385641,yellow_tripdata_2018-07.parquet,114.57,True,config_A_baseline
2026-04-18 06:34:53,query_20260418_063253_b3a1b466,yellow_tripdata_2018-08.parquet,119.38,True,config_A_baseline
2026-04-18 06:36:56,query_20260418_063453_70688400,yellow_tripdata_2018-09.parquet,123.2,True,config_A_baseline
2026-04-18 06:39:05,query_20260418_063656_6141a556,yellow_tripdata_2018-10.parquet,128.2,True,config_A_baseline
2026-04-18 06:41:02,query_20260418_063905_46d1e989,yellow_tripdata_2018-11.parquet,116.36,True,config_A_baseline
2026-04-18 06:42:59,query_20260418_064102_08ff3017,yellow_tripdata_2018-12.parquet,116.36,True,config_A_baseline
2026-04-18 06:44:54,query_20260418_064259_e2a97677,yellow_tripdata_2019-01.parquet,115.37,True,config_A_baseline
2026-04-18 06:46:42,query_20260418_064455_4b1c2ed2,yellow_tripdata_2019-02.parquet,107.64,True,config_A_baseline
2026-04-18 06:48:36,query_20260418_064643_522c2054,yellow_tripdata_2019-03.parquet,113.44,True,config_A_baseline
2026-04-18 06:50:37,query_20260418_064836_3cbbd249,yellow_tripdata_2019-04.parquet,119.77,True,config_A_baseline
2026-04-18 06:52:24,query_20260418_065037_265d34f6,yellow_tripdata_2019-05.parquet,107.29,True,config_A_baseline
2026-04-18 06:54:12,query_20260418_065225_4bc74678,yellow_tripdata_2019-06.parquet,107.59,True,config_A_baseline
2026-04-18 06:55:53,query_20260418_065413_ff80d542,yellow_tripdata_2019-07.parquet,100.34,True,config_A_baseline
2026-04-18 06:57:31,query_20260418_065553_903f6bb7,yellow_tripdata_2019-08.parquet,97.24,True,config_A_baseline
2026-04-18 06:59:11,query_20260418_065731_c4dce6d0,yellow_tripdata_2019-09.parquet,100.37,True,config_A_baseline
2026-04-18 07:00:59,query_20260418_065912_e72b361a,yellow_tripdata_2019-10.parquet,107.28,True,config_A_baseline
2026-04-18 07:02:47,query_20260418_070059_dc5989ea,yellow_tripdata_2019-11.parquet,107.95,True,config_A_baseline
2026-04-18 07:04:29,query_20260418_070248_2776c787,yellow_tripdata_2019-12.parquet,101.36,True,config_A_baseline
2026-04-18 07:06:11,query_20260418_070429_7e1decb7,yellow_tripdata_2020-01.parquet,101.38,True,config_A_baseline
2026-04-18 07:07:52,query_20260418_070611_a8ac7e43,yellow_tripdata_2020-02.parquet,100.37,True,config_A_baseline
2026-04-18 07:08:57,query_20260418_070752_13717d22,yellow_tripdata_2020-03.parquet,65.41,True,config_A_baseline
2026-04-18 07:09:46,query_20260418_070858_3064b75c,yellow_tripdata_2020-04.parquet,48.37,True,config_A_baseline
2026-04-18 07:10:23,query_20260418_070946_8700ed03,yellow_tripdata_2020-05.parquet,37.2,True,config_A_baseline
2026-04-18 07:11:05,query_20260418_071023_a4632778,yellow_tripdata_2020-06.parquet,41.14,True,config_A_baseline
2026-04-18 07:11:47,query_20260418_071105_1ba157cc,yellow_tripdata_2020-07.parquet,42.27,True,config_A_baseline
2026-04-18 07:12:36,query_20260418_071147_5af8bf83,yellow_tripdata_2020-08.parquet,48.3,True,config_A_baseline
2026-04-18 07:13:27,query_20260418_071236_e20f98b3,yellow_tripdata_2020-09.parquet,51.25,True,config_A_baseline
2026-04-18 07:14:16,query_20260418_071327_a7a73545,yellow_tripdata_2020-10.parquet,49.14,True,config_A_baseline
2026-04-18 07:15:11,query_20260418_071417_9d8cd8fa,yellow_tripdata_2020-11.parquet,54.29,True,config_A_baseline
2026-04-18 07:16:03,query_20260418_071511_9bc792ee,yellow_tripdata_2020-12.parquet,52.34,True,config_A_baseline
2026-04-18 07:16:57,query_20260418_071604_fe371ebe,yellow_tripdata_2021-01.parquet,53.19,True,config_A_baseline
2026-04-18 07:17:46,query_20260418_071657_046a56d7,yellow_tripdata_2021-02.parquet,49.18,True,config_A_baseline
2026-04-18 07:18:41,query_20260418_071746_ff40c6f0,yellow_tripdata_2021-03.parquet,54.76,True,config_A_baseline
2026-04-18 07:19:47,query_20260418_071841_c4d66377,yellow_tripdata_2021-04.parquet,65.48,True,config_A_baseline
2026-04-18 07:20:44,query_20260418_071947_11b55f49,yellow_tripdata_2021-05.parquet,57.16,True,config_A_baseline
2026-04-18 07:21:47,query_20260418_072044_bf518ba3,yellow_tripdata_2021-06.parquet,62.13,True,config_A_baseline
2026-04-18 07:22:51,query_20260418_072147_c2eaaee4,yellow_tripdata_2021-07.parquet,64.29,True,config_A_baseline
2026-04-18 07:23:56,query_20260418_072251_c611887d,yellow_tripdata_2021-08.parquet,64.38,True,config_A_baseline
2026-04-18 07:25:02,query_20260418_072356_ee2b6c25,yellow_tripdata_2021-09.parquet,66.23,True,config_A_baseline
2026-04-18 07:26:15,query_20260418_072503_755dd7f5,yellow_tripdata_2021-10.parquet,72.68,True,config_A_baseline
2026-04-18 07:27:25,query_20260418_072615_235c911c,yellow_tripdata_2021-11.parquet,69.29,True,config_A_baseline
2026-04-18 07:28:36,query_20260418_072725_c1577928,yellow_tripdata_2021-12.parquet,70.37,True,config_A_baseline
2026-04-18 07:29:34,query_20260418_072836_bf50e3a4,yellow_tripdata_2022-01.parquet,58.27,True,config_A_baseline
2026-04-18 07:30:42,query_20260418_072934_5013aafd,yellow_tripdata_2022-02.parquet,67.28,True,config_A_baseline
2026-04-18 07:31:54,query_20260418_073042_fb3856b1,yellow_tripdata_2022-03.parquet,72.36,True,config_A_baseline
2026-04-18 07:33:08,query_20260418_073154_d7dc778d,yellow_tripdata_2022-04.parquet,73.29,True,config_A_baseline
2026-04-18 07:34:20,query_20260418_073308_34f170db,yellow_tripdata_2022-05.parquet,71.31,True,config_A_baseline
2026-04-18 07:35:30,query_20260418_073420_16e5cb8b,yellow_tripdata_2022-06.parquet,70.3,True,config_A_baseline
2026-04-18 07:36:40,query_20260418_073530_004c46ed,yellow_tripdata_2022-07.parquet,69.4,True,config_A_baseline
2026-04-18 07:37:53,query_20260418_073640_28af9eae,yellow_tripdata_2022-08.parquet,73.14,True,config_A_baseline
2026-04-18 07:39:02,query_20260418_073753_9ee8832a,yellow_tripdata_2022-09.parquet,68.38,True,config_A_baseline
2026-04-18 07:40:12,query_20260418_073902_7dd0db72,yellow_tripdata_2022-10.parquet,70.13,True,config_A_baseline
2026-04-18 07:41:20,query_20260418_074012_56536cac,yellow_tripdata_2022-11.parquet,67.12,True,config_A_baseline
2026-04-18 07:42:30,query_20260418_074120_ce018af1,yellow_tripdata_2022-12.parquet,70.3,True,config_A_baseline
2026-04-18 07:43:42,query_20260418_074231_82c2d2fb,yellow_tripdata_2023-01.parquet,71.3,True,config_A_baseline
2026-04-18 07:44:50,query_20260418_074342_9e203c70,yellow_tripdata_2023-02.parquet,67.38,True,config_A_baseline
2026-04-18 07:45:59,query_20260418_074450_711814b7,yellow_tripdata_2023-03.parquet,68.77,True,config_A_baseline
2026-04-18 07:47:06,query_20260418_074559_a8665f91,yellow_tripdata_2023-04.parquet,67.56,True,config_A_baseline
2026-04-18 07:48:19,query_20260418_074707_f62c4978,yellow_tripdata_2023-05.parquet,72.41,True,config_A_baseline
2026-04-18 07:49:31,query_20260418_074819_73bb5336,yellow_tripdata_2023-06.parquet,71.36,True,config_A_baseline
2026-04-18 07:50:35,query_20260418_074931_2f8ebe0f,yellow_tripdata_2023-07.parquet,64.42,True,config_A_baseline
2026-04-18 07:51:33,query_20260418_075036_1651ac59,yellow_tripdata_2023-08.parquet,57.38,True,config_A_baseline
2026-04-18 07:52:35,query_20260418_075133_ee6a0993,yellow_tripdata_2023-09.parquet,61.39,True,config_A_baseline
2026-04-18 07:53:40,query_20260418_075235_e2cad6bc,yellow_tripdata_2023-10.parquet,64.51,True,config_A_baseline
2026-04-18 07:54:42,query_20260418_075340_f32ceeed,yellow_tripdata_2023-11.parquet,62.33,True,config_A_baseline
2026-04-18 07:55:46,query_20260418_075442_1dea0f5c,yellow_tripdata_2023-12.parquet,63.38,True,config_A_baseline
2026-04-18 07:58:32,query_20260418_075546_3c9ac52a,yellow_tripdata_2015-01.parquet,165.51,True,config_B_more_memory
2026-04-18 08:01:15,query_20260418_075832_af99edea,yellow_tripdata_2015-02.parquet,162.51,True,config_B_more_memory
2026-04-18 08:04:11,query_20260418_080115_d0cd4aee,yellow_tripdata_2015-03.parquet,176.42,True,config_B_more_memory
2026-04-18 08:07:05,query_20260418_080411_23209707,yellow_tripdata_2015-04.parquet,173.71,True,config_B_more_memory
2026-04-18 08:09:53,query_20260418_080705_4378a9d0,yellow_tripdata_2015-05.parquet,167.47,True,config_B_more_memory
2026-04-18 08:12:32,query_20260418_080953_9fa4bfc8,yellow_tripdata_2015-06.parquet,158.26,True,config_B_more_memory
2026-04-18 08:15:02,query_20260418_081232_b675dbc9,yellow_tripdata_2015-07.parquet,149.44,True,config_B_more_memory
2026-04-18 08:17:34,query_20260418_081502_89ab563f,yellow_tripdata_2015-08.parquet,151.37,True,config_B_more_memory
2026-04-18 08:20:08,query_20260418_081734_db0789f4,yellow_tripdata_2015-09.parquet,153.5,True,config_B_more_memory
2026-04-18 08:22:47,query_20260418_082008_caa73722,yellow_tripdata_2015-10.parquet,158.54,True,config_B_more_memory
2026-04-18 08:25:13,query_20260418_082247_87dbda4f,yellow_tripdata_2015-11.parquet,145.48,True,config_B_more_memory
2026-04-18 08:27:44,query_20260418_082514_fd87035b,yellow_tripdata_2015-12.parquet,150.32,True,config_B_more_memory
2026-04-18 08:30:09,query_20260418_082744_0681ad18,yellow_tripdata_2016-01.parquet,144.3,True,config_B_more_memory
2026-04-18 08:32:40,query_20260418_083009_10584840,yellow_tripdata_2016-02.parquet,150.2,True,config_B_more_memory
2026-04-18 08:35:26,query_20260418_083240_5210d1db,yellow_tripdata_2016-03.parquet,165.27,True,config_B_more_memory
2026-04-18 08:38:06,query_20260418_083526_1f62dc77,yellow_tripdata_2016-04.parquet,159.37,True,config_B_more_memory
2026-04-18 08:40:42,query_20260418_083806_8cdc3e3b,yellow_tripdata_2016-05.parquet,155.25,True,config_B_more_memory
2026-04-18 08:43:10,query_20260418_084042_3b22ebb3,yellow_tripdata_2016-06.parquet,147.72,True,config_B_more_memory
2026-04-18 08:45:33,query_20260418_084310_acf77636,yellow_tripdata_2016-07.parquet,142.57,True,config_B_more_memory
2026-04-18 08:47:55,query_20260418_084533_2065df93,yellow_tripdata_2016-08.parquet,141.22,True,config_B_more_memory
2026-04-18 08:50:12,query_20260418_084755_5348dd1b,yellow_tripdata_2016-09.parquet,136.31,True,config_B_more_memory
2026-04-18 08:52:31,query_20260418_085012_b70fa8e7,yellow_tripdata_2016-10.parquet,138.34,True,config_B_more_memory
2026-04-18 08:54:55,query_20260418_085231_b5437a81,yellow_tripdata_2016-11.parquet,143.67,True,config_B_more_memory
2026-04-18 08:57:16,query_20260418_085455_73d0ebb1,yellow_tripdata_2016-12.parquet,140.29,True,config_B_more_memory
2026-04-18 08:59:32,query_20260418_085716_4e8e2c5e,yellow_tripdata_2017-01.parquet,136.05,True,config_B_more_memory
2026-04-18 09:01:46,query_20260418_085933_31f29da8,yellow_tripdata_2017-02.parquet,133.4,True,config_B_more_memory
2026-04-18 09:03:58,query_20260418_090147_b7e6d34f,yellow_tripdata_2017-03.parquet,131.34,True,config_B_more_memory
2026-04-18 09:06:25,query_20260418_090358_638e1d12,yellow_tripdata_2017-04.parquet,146.66,True,config_B_more_memory
2026-04-18 09:08:47,query_20260418_090626_28e1f6d3,yellow_tripdata_2017-05.parquet,141.3,True,config_B_more_memory
2026-04-18 09:11:00,query_20260418_090847_38afb168,yellow_tripdata_2017-06.parquet,132.15,True,config_B_more_memory
2026-04-18 09:13:02,query_20260418_091100_bd2e270d,yellow_tripdata_2017-07.parquet,121.18,True,config_B_more_memory
2026-04-18 09:15:04,query_20260418_091302_12308105,yellow_tripdata_2017-08.parquet,121.48,True,config_B_more_memory
2026-04-18 09:17:06,query_20260418_091504_c0dbaf4c,yellow_tripdata_2017-09.parquet,121.52,True,config_B_more_memory
2026-04-18 09:19:24,query_20260418_091706_94bbb379,yellow_tripdata_2017-10.parquet,137.26,True,config_B_more_memory
2026-04-18 09:21:36,query_20260418_091924_ea8d70b9,yellow_tripdata_2017-11.parquet,131.32,True,config_B_more_memory
2026-04-18 09:23:49,query_20260418_092136_2a1a4343,yellow_tripdata_2017-12.parquet,132.34,True,config_B_more_memory
2026-04-18 09:25:56,query_20260418_092349_96a953a7,yellow_tripdata_2018-01.parquet,127.38,True,config_B_more_memory
2026-04-18 09:28:00,query_20260418_092557_4567d09e,yellow_tripdata_2018-02.parquet,123.35,True,config_B_more_memory
2026-04-18 09:30:08,query_20260418_092800_5c315220,yellow_tripdata_2018-03.parquet,127.59,True,config_B_more_memory
2026-04-18 09:32:22,query_20260418_093009_ce27145c,yellow_tripdata_2018-04.parquet,133.46,True,config_B_more_memory
2026-04-18 09:34:27,query_20260418_093223_d020ea9e,yellow_tripdata_2018-05.parquet,124.39,True,config_B_more_memory
2026-04-18 09:36:21,query_20260418_093427_e92ae08f,yellow_tripdata_2018-06.parquet,113.32,True,config_B_more_memory
2026-04-18 09:38:18,query_20260418_093621_be2372a7,yellow_tripdata_2018-07.parquet,116.31,True,config_B_more_memory
2026-04-18 09:40:13,query_20260418_093818_0b15cb4a,yellow_tripdata_2018-08.parquet,115.06,True,config_B_more_memory
2026-04-18 09:42:07,query_20260418_094014_2c95900b,yellow_tripdata_2018-09.parquet,113.6,True,config_B_more_memory
2026-04-18 09:44:17,query_20260418_094208_b9436a73,yellow_tripdata_2018-10.parquet,129.36,True,config_B_more_memory
2026-04-18 09:46:13,query_20260418_094417_675b43df,yellow_tripdata_2018-11.parquet,115.23,True,config_B_more_memory
2026-04-18 09:48:11,query_20260418_094613_28b738c9,yellow_tripdata_2018-12.parquet,117.34,True,config_B_more_memory
2026-04-18 09:50:02,query_20260418_094811_adb13a9a,yellow_tripdata_2019-01.parquet,111.18,True,config_B_more_memory
2026-04-18 09:51:51,query_20260418_095002_aada54c1,yellow_tripdata_2019-02.parquet,108.44,True,config_B_more_memory
2026-04-18 09:53:45,query_20260418_095151_dc846a79,yellow_tripdata_2019-03.parquet,113.51,True,config_B_more_memory
2026-04-18 09:55:31,query_20260418_095345_eb9bff9d,yellow_tripdata_2019-04.parquet,105.09,True,config_B_more_memory
2026-04-18 09:57:24,query_20260418_095531_e0aaeb11,yellow_tripdata_2019-05.parquet,113.36,True,config_B_more_memory
2026-04-18 09:59:15,query_20260418_095725_c0c8ad04,yellow_tripdata_2019-06.parquet,110.51,True,config_B_more_memory
2026-04-18 10:00:55,query_20260418_095915_14502f43,yellow_tripdata_2019-07.parquet,99.33,True,config_B_more_memory
2026-04-18 10:02:30,query_20260418_100055_eec526b2,yellow_tripdata_2019-08.parquet,94.34,True,config_B_more_memory
2026-04-18 10:04:13,query_20260418_100230_aeebfc4f,yellow_tripdata_2019-09.parquet,102.44,True,config_B_more_memory
2026-04-18 10:06:07,query_20260418_100413_625657df,yellow_tripdata_2019-10.parquet,114.28,True,config_B_more_memory
2026-04-18 10:07:56,query_20260418_100607_0e19dca7,yellow_tripdata_2019-11.parquet,108.73,True,config_B_more_memory
2026-04-18 10:09:40,query_20260418_100757_f98e3ed9,yellow_tripdata_2019-12.parquet,103.56,True,config_B_more_memory
2026-04-18 10:11:21,query_20260418_100941_1af30f00,yellow_tripdata_2020-01.parquet,100.44,True,config_B_more_memory
2026-04-18 10:12:56,query_20260418_101121_60bd5381,yellow_tripdata_2020-02.parquet,94.59,True,config_B_more_memory
2026-04-18 10:14:02,query_20260418_101257_c8712dd5,yellow_tripdata_2020-03.parquet,65.24,True,config_B_more_memory
2026-04-18 10:14:42,query_20260418_101402_3ac698de,yellow_tripdata_2020-04.parquet,40.43,True,config_B_more_memory
2026-04-18 10:15:22,query_20260418_101443_487e4628,yellow_tripdata_2020-05.parquet,39.43,True,config_B_more_memory
2026-04-18 10:16:06,query_20260418_101522_ff1e1d9e,yellow_tripdata_2020-06.parquet,43.34,True,config_B_more_memory
2026-04-18 10:16:51,query_20260418_101606_d18e3733,yellow_tripdata_2020-07.parquet,45.42,True,config_B_more_memory
2026-04-18 10:17:41,query_20260418_101651_489cd053,yellow_tripdata_2020-08.parquet,49.45,True,config_B_more_memory
2026-04-18 10:18:32,query_20260418_101741_af524e2b,yellow_tripdata_2020-09.parquet,51.33,True,config_B_more_memory
2026-04-18 10:19:28,query_20260418_101832_9899c758,yellow_tripdata_2020-10.parquet,55.52,True,config_B_more_memory
2026-04-18 10:20:22,query_20260418_101928_cdaeff5a,yellow_tripdata_2020-11.parquet,53.25,True,config_B_more_memory
2026-04-18 10:21:15,query_20260418_102022_e3ddbf86,yellow_tripdata_2020-12.parquet,53.42,True,config_B_more_memory
2026-04-18 10:22:06,query_20260418_102115_ed6b45ee,yellow_tripdata_2021-01.parquet,50.23,True,config_B_more_memory
2026-04-18 10:22:57,query_20260418_102206_65f4a4a1,yellow_tripdata_2021-02.parquet,51.11,True,config_B_more_memory
2026-04-18 10:23:55,query_20260418_102257_bbd60da6,yellow_tripdata_2021-03.parquet,57.63,True,config_B_more_memory
2026-04-18 10:24:54,query_20260418_102355_f3b3365d,yellow_tripdata_2021-04.parquet,59.32,True,config_B_more_memory
2026-04-18 10:25:57,query_20260418_102454_042a3b50,yellow_tripdata_2021-05.parquet,62.31,True,config_B_more_memory
2026-04-18 10:26:59,query_20260418_102557_33bc6857,yellow_tripdata_2021-06.parquet,61.51,True,config_B_more_memory
2026-04-18 10:28:02,query_20260418_102659_954a072f,yellow_tripdata_2021-07.parquet,63.4,True,config_B_more_memory
2026-04-18 10:29:09,query_20260418_102802_10d718d1,yellow_tripdata_2021-08.parquet,66.17,True,config_B_more_memory
2026-04-18 10:30:14,query_20260418_102909_48168d48,yellow_tripdata_2021-09.parquet,64.43,True,config_B_more_memory
2026-04-18 10:31:26,query_20260418_103014_1abbe9c6,yellow_tripdata_2021-10.parquet,71.58,True,config_B_more_memory
2026-04-18 10:32:38,query_20260418_103126_094b5bf1,yellow_tripdata_2021-11.parquet,72.43,True,config_B_more_memory
2026-04-18 10:33:50,query_20260418_103239_b0bf0a2d,yellow_tripdata_2021-12.parquet,71.42,True,config_B_more_memory
2026-04-18 10:34:52,query_20260418_103350_28007ffb,yellow_tripdata_2022-01.parquet,61.49,True,config_B_more_memory
2026-04-18 10:35:57,query_20260418_103452_ad489f68,yellow_tripdata_2022-02.parquet,65.23,True,config_B_more_memory
2026-04-18 10:37:08,query_20260418_103557_6b6d9c28,yellow_tripdata_2022-03.parquet,70.19,True,config_B_more_memory
2026-04-18 10:38:18,query_20260418_103708_914c5081,yellow_tripdata_2022-04.parquet,70.28,True,config_B_more_memory
2026-04-18 10:39:28,query_20260418_103819_ac404778,yellow_tripdata_2022-05.parquet,69.36,True,config_B_more_memory
2026-04-18 10:40:37,query_20260418_103928_b35aebd7,yellow_tripdata_2022-06.parquet,68.22,True,config_B_more_memory
2026-04-18 10:41:44,query_20260418_104037_bb6960eb,yellow_tripdata_2022-07.parquet,67.19,True,config_B_more_memory
2026-04-18 10:42:57,query_20260418_104144_8a32651c,yellow_tripdata_2022-08.parquet,73.17,True,config_B_more_memory
2026-04-18 10:44:06,query_20260418_104258_fb4bc949,yellow_tripdata_2022-09.parquet,68.27,True,config_B_more_memory
2026-04-18 10:45:17,query_20260418_104406_155e16c1,yellow_tripdata_2022-10.parquet,70.48,True,config_B_more_memory
2026-04-18 10:46:25,query_20260418_104517_b440e456,yellow_tripdata_2022-11.parquet,68.35,True,config_B_more_memory
2026-04-18 10:47:36,query_20260418_104625_38c74d33,yellow_tripdata_2022-12.parquet,70.41,True,config_B_more_memory
2026-04-18 10:48:42,query_20260418_104736_d1a4e262,yellow_tripdata_2023-01.parquet,66.22,True,config_B_more_memory
2026-04-18 10:49:51,query_20260418_104843_db6b2543,yellow_tripdata_2023-02.parquet,68.14,True,config_B_more_memory
2026-04-18 10:51:01,query_20260418_104951_242e1f67,yellow_tripdata_2023-03.parquet,70.31,True,config_B_more_memory
2026-04-18 10:52:09,query_20260418_105102_1572956a,yellow_tripdata_2023-04.parquet,67.4,True,config_B_more_memory
2026-04-18 10:53:21,query_20260418_105209_5e84f576,yellow_tripdata_2023-05.parquet,71.42,True,config_B_more_memory
2026-04-18 10:54:31,query_20260418_105321_ff4c0a07,yellow_tripdata_2023-06.parquet,69.7,True,config_B_more_memory
2026-04-18 10:55:38,query_20260418_105431_6e61b5f1,yellow_tripdata_2023-07.parquet,67.36,True,config_B_more_memory
2026-04-18 10:56:36,query_20260418_105538_56011b3b,yellow_tripdata_2023-08.parquet,57.37,True,config_B_more_memory
2026-04-18 10:57:36,query_20260418_105636_20a4e165,yellow_tripdata_2023-09.parquet,60.14,True,config_B_more_memory
2026-04-18 10:58:42,query_20260418_105736_f17b825f,yellow_tripdata_2023-10.parquet,65.39,True,config_B_more_memory
2026-04-18 10:59:48,query_20260418_105842_508063a3,yellow_tripdata_2023-11.parquet,65.22,True,config_B_more_memory
2026-04-18 11:00:51,query_20260418_105948_8d275307,yellow_tripdata_2023-12.parquet,63.25,True,config_B_more_memory
2026-04-18 11:03:39,query_20260418_110051_1e1441bd,yellow_tripdata_2015-01.parquet,167.81,True,config_C_more_cores
2026-04-18 11:06:25,query_20260418_110339_ce136f72,yellow_tripdata_2015-02.parquet,165.8,True,config_C_more_cores
2026-04-18 11:09:22,query_20260418_110625_6a9742a4,yellow_tripdata_2015-03.parquet,176.71,True,config_C_more_cores
2026-04-18 11:12:09,query_20260418_110923_26c7d422,yellow_tripdata_2015-04.parquet,165.95,True,config_C_more_cores
2026-04-18 11:14:58,query_20260418_111209_aa7d9cfc,yellow_tripdata_2015-05.parquet,168.71,True,config_C_more_cores
2026-04-18 11:17:41,query_20260418_111458_13bd5a49,yellow_tripdata_2015-06.parquet,162.08,True,config_C_more_cores
2026-04-18 11:20:12,query_20260418_111741_13122735,yellow_tripdata_2015-07.parquet,150.67,True,config_C_more_cores
2026-04-18 11:22:38,query_20260418_112012_92b32827,yellow_tripdata_2015-08.parquet,145.61,True,config_C_more_cores
2026-04-18 11:25:08,query_20260418_112238_8807357a,yellow_tripdata_2015-09.parquet,149.79,True,config_C_more_cores
2026-04-18 11:27:51,query_20260418_112508_328ea885,yellow_tripdata_2015-10.parquet,161.89,True,config_C_more_cores
2026-04-18 11:30:31,query_20260418_112751_1acea414,yellow_tripdata_2015-11.parquet,159.64,True,config_C_more_cores
2026-04-18 11:33:09,query_20260418_113031_bec29376,yellow_tripdata_2015-12.parquet,157.69,True,config_C_more_cores
2026-04-18 11:35:37,query_20260418_113310_419d4578,yellow_tripdata_2016-01.parquet,146.93,True,config_C_more_cores
2026-04-18 11:38:19,query_20260418_113537_e1faf2a0,yellow_tripdata_2016-02.parquet,161.93,True,config_C_more_cores
2026-04-18 11:41:06,query_20260418_113820_790a3d78,yellow_tripdata_2016-03.parquet,165.78,True,config_C_more_cores
2026-04-18 11:43:37,query_20260418_114106_84ea335a,yellow_tripdata_2016-04.parquet,150.94,True,config_C_more_cores
2026-04-18 11:46:12,query_20260418_114338_95dd96ae,yellow_tripdata_2016-05.parquet,153.69,True,config_C_more_cores
2026-04-18 11:48:45,query_20260418_114612_0a8ab356,yellow_tripdata_2016-06.parquet,152.88,True,config_C_more_cores
2026-04-18 11:51:05,query_20260418_114845_c9b3c002,yellow_tripdata_2016-07.parquet,139.58,True,config_C_more_cores
2026-04-18 11:53:20,query_20260418_115105_d8654a15,yellow_tripdata_2016-08.parquet,133.88,True,config_C_more_cores
2026-04-18 11:55:37,query_20260418_115320_232df911,yellow_tripdata_2016-09.parquet,136.47,True,config_C_more_cores
2026-04-18 11:58:00,query_20260418_115537_d437701a,yellow_tripdata_2016-10.parquet,142.64,True,config_C_more_cores
2026-04-18 12:00:17,query_20260418_115800_dcf09157,yellow_tripdata_2016-11.parquet,136.68,True,config_C_more_cores
2026-04-18 12:02:41,query_20260418_120017_2b9b8d22,yellow_tripdata_2016-12.parquet,142.73,True,config_C_more_cores
2026-04-18 12:04:49,query_20260418_120241_2beccbd3,yellow_tripdata_2017-01.parquet,127.69,True,config_C_more_cores
2026-04-18 12:06:54,query_20260418_120449_ca2064f6,yellow_tripdata_2017-02.parquet,124.65,True,config_C_more_cores
2026-04-18 12:09:19,query_20260418_120654_d99d49a4,yellow_tripdata_2017-03.parquet,144.6,True,config_C_more_cores
2026-04-18 12:11:39,query_20260418_120919_e1bef6b1,yellow_tripdata_2017-04.parquet,138.86,True,config_C_more_cores
2026-04-18 12:13:56,query_20260418_121139_1db96b61,yellow_tripdata_2017-05.parquet,136.63,True,config_C_more_cores
2026-04-18 12:16:07,query_20260418_121356_3ca8d063,yellow_tripdata_2017-06.parquet,130.7,True,config_C_more_cores
2026-04-18 12:18:05,query_20260418_121607_9e6243bb,yellow_tripdata_2017-07.parquet,117.76,True,config_C_more_cores
2026-04-18 12:20:01,query_20260418_121806_9e6263ed,yellow_tripdata_2017-08.parquet,114.66,True,config_C_more_cores
2026-04-18 12:22:04,query_20260418_122001_7cd86cd9,yellow_tripdata_2017-09.parquet,122.72,True,config_C_more_cores
2026-04-18 12:24:17,query_20260418_122204_2fd747f5,yellow_tripdata_2017-10.parquet,133.15,True,config_C_more_cores
2026-04-18 12:26:27,query_20260418_122418_329886aa,yellow_tripdata_2017-11.parquet,128.65,True,config_C_more_cores
2026-04-18 12:28:39,query_20260418_122627_311482d9,yellow_tripdata_2017-12.parquet,131.63,True,config_C_more_cores
2026-04-18 12:30:38,query_20260418_122839_27c0afca,yellow_tripdata_2018-01.parquet,118.78,True,config_C_more_cores
2026-04-18 12:32:38,query_20260418_123038_c1e0d521,yellow_tripdata_2018-02.parquet,119.92,True,config_C_more_cores
2026-04-18 12:34:52,query_20260418_123239_b13701d0,yellow_tripdata_2018-03.parquet,132.64,True,config_C_more_cores
2026-04-18 12:36:59,query_20260418_123452_dac5d4f6,yellow_tripdata_2018-04.parquet,126.77,True,config_C_more_cores
2026-04-18 12:39:05,query_20260418_123659_517f9634,yellow_tripdata_2018-05.parquet,124.76,True,config_C_more_cores
2026-04-18 12:41:06,query_20260418_123905_8477f17b,yellow_tripdata_2018-06.parquet,120.82,True,config_C_more_cores
2026-04-18 12:42:56,query_20260418_124106_e5174b79,yellow_tripdata_2018-07.parquet,109.88,True,config_C_more_cores
2026-04-18 12:44:48,query_20260418_124256_cdca0673,yellow_tripdata_2018-08.parquet,110.86,True,config_C_more_cores
2026-04-18 12:46:44,query_20260418_124448_9576a4b9,yellow_tripdata_2018-09.parquet,115.64,True,config_C_more_cores
2026-04-18 12:48:44,query_20260418_124644_cc5cf906,yellow_tripdata_2018-10.parquet,119.66,True,config_C_more_cores
2026-04-18 12:50:39,query_20260418_124844_3db17cb7,yellow_tripdata_2018-11.parquet,114.96,True,config_C_more_cores
2026-04-18 12:52:34,query_20260418_125039_69571bc7,yellow_tripdata_2018-12.parquet,114.58,True,config_C_more_cores
2026-04-18 12:54:26,query_20260418_125234_0866b843,yellow_tripdata_2019-01.parquet,111.65,True,config_C_more_cores
2026-04-18 12:56:09,query_20260418_125426_71e30fc4,yellow_tripdata_2019-02.parquet,101.84,True,config_C_more_cores
2026-04-18 12:58:04,query_20260418_125609_027a3bd3,yellow_tripdata_2019-03.parquet,114.66,True,config_C_more_cores
2026-04-18 12:59:50,query_20260418_125804_12d762ba,yellow_tripdata_2019-04.parquet,106.14,True,config_C_more_cores
2026-04-18 13:01:44,query_20260418_125950_8967c21f,yellow_tripdata_2019-05.parquet,113.62,True,config_C_more_cores
2026-04-18 13:03:33,query_20260418_130144_936f130f,yellow_tripdata_2019-06.parquet,107.91,True,config_C_more_cores
2026-04-18 13:05:09,query_20260418_130333_77fcac17,yellow_tripdata_2019-07.parquet,95.8,True,config_C_more_cores
2026-04-18 13:06:46,query_20260418_130509_16efde88,yellow_tripdata_2019-08.parquet,96.87,True,config_C_more_cores
2026-04-18 13:08:23,query_20260418_130646_3261d111,yellow_tripdata_2019-09.parquet,96.55,True,config_C_more_cores
2026-04-18 13:10:10,query_20260418_130823_f3ca821f,yellow_tripdata_2019-10.parquet,106.67,True,config_C_more_cores
2026-04-18 13:11:53,query_20260418_131010_ea9276d8,yellow_tripdata_2019-11.parquet,103.02,True,config_C_more_cores
2026-04-18 13:13:39,query_20260418_131154_0b143059,yellow_tripdata_2019-12.parquet,104.88,True,config_C_more_cores
2026-04-18 13:15:13,query_20260418_131339_58103595,yellow_tripdata_2020-01.parquet,93.8,True,config_C_more_cores
2026-04-18 13:16:47,query_20260418_131513_d88f71cd,yellow_tripdata_2020-02.parquet,93.76,True,config_C_more_cores
2026-04-18 13:17:51,query_20260418_131647_57b8910c,yellow_tripdata_2020-03.parquet,63.51,True,config_C_more_cores
2026-04-18 13:18:24,query_20260418_131751_71fa0542,yellow_tripdata_2020-04.parquet,33.4,True,config_C_more_cores
2026-04-18 13:19:00,query_20260418_131824_c4a723d9,yellow_tripdata_2020-05.parquet,35.68,True,config_C_more_cores
2026-04-18 13:19:36,query_20260418_131900_be87fff7,yellow_tripdata_2020-06.parquet,35.85,True,config_C_more_cores
2026-04-18 13:20:16,query_20260418_131936_eaf5e094,yellow_tripdata_2020-07.parquet,39.37,True,config_C_more_cores
2026-04-18 13:20:56,query_20260418_132016_9662000e,yellow_tripdata_2020-08.parquet,40.38,True,config_C_more_cores
2026-04-18 13:21:41,query_20260418_132056_0687a027,yellow_tripdata_2020-09.parquet,44.57,True,config_C_more_cores
2026-04-18 13:22:32,query_20260418_132141_bce3456d,yellow_tripdata_2020-10.parquet,50.71,True,config_C_more_cores
2026-04-18 13:23:21,query_20260418_132232_12f57630,yellow_tripdata_2020-11.parquet,49.01,True,config_C_more_cores
2026-04-18 13:24:07,query_20260418_132321_641d9399,yellow_tripdata_2020-12.parquet,45.53,True,config_C_more_cores
2026-04-18 13:24:55,query_20260418_132407_db561e84,yellow_tripdata_2021-01.parquet,47.77,True,config_C_more_cores
2026-04-18 13:25:41,query_20260418_132455_12058f48,yellow_tripdata_2021-02.parquet,45.57,True,config_C_more_cores
2026-04-18 13:26:33,query_20260418_132541_b28d46b4,yellow_tripdata_2021-03.parquet,52.41,True,config_C_more_cores
2026-04-18 13:27:28,query_20260418_132633_627976d0,yellow_tripdata_2021-04.parquet,54.76,True,config_C_more_cores
2026-04-18 13:28:23,query_20260418_132728_0aa8c3d8,yellow_tripdata_2021-05.parquet,54.66,True,config_C_more_cores
2026-04-18 13:29:23,query_20260418_132823_a4377c99,yellow_tripdata_2021-06.parquet,59.67,True,config_C_more_cores
2026-04-18 13:30:25,query_20260418_132923_d7a2a752,yellow_tripdata_2021-07.parquet,61.47,True,config_C_more_cores
2026-04-18 13:31:23,query_20260418_133025_aa008ad6,yellow_tripdata_2021-08.parquet,57.76,True,config_C_more_cores
2026-04-18 13:32:25,query_20260418_133123_bed2409d,yellow_tripdata_2021-09.parquet,61.59,True,config_C_more_cores
2026-04-18 13:33:33,query_20260418_133225_2dd28784,yellow_tripdata_2021-10.parquet,67.7,True,config_C_more_cores
2026-04-18 13:34:36,query_20260418_133333_00214a77,yellow_tripdata_2021-11.parquet,62.58,True,config_C_more_cores
2026-04-18 13:35:42,query_20260418_133436_80877b11,yellow_tripdata_2021-12.parquet,65.59,True,config_C_more_cores
2026-04-18 13:36:38,query_20260418_133542_3c1b1503,yellow_tripdata_2022-01.parquet,55.5,True,config_C_more_cores
2026-04-18 13:37:37,query_20260418_133638_d31eb6a9,yellow_tripdata_2022-02.parquet,59.45,True,config_C_more_cores
2026-04-18 13:38:47,query_20260418_133737_271a2af9,yellow_tripdata_2022-03.parquet,69.53,True,config_C_more_cores
2026-04-18 13:39:56,query_20260418_133847_f7280517,yellow_tripdata_2022-04.parquet,68.6,True,config_C_more_cores
2026-04-18 13:41:03,query_20260418_133956_d5d38818,yellow_tripdata_2022-05.parquet,66.63,True,config_C_more_cores
2026-04-18 13:42:09,query_20260418_134103_af2c8187,yellow_tripdata_2022-06.parquet,66.38,True,config_C_more_cores
2026-04-18 13:43:13,query_20260418_134210_a893754f,yellow_tripdata_2022-07.parquet,63.55,True,config_C_more_cores
2026-04-18 13:44:16,query_20260418_134313_9423f613,yellow_tripdata_2022-08.parquet,62.6,True,config_C_more_cores
2026-04-18 13:45:20,query_20260418_134416_6582e442,yellow_tripdata_2022-09.parquet,63.74,True,config_C_more_cores
2026-04-18 13:46:28,query_20260418_134520_e8fa0eb0,yellow_tripdata_2022-10.parquet,67.86,True,config_C_more_cores
2026-04-18 13:47:35,query_20260418_134628_e494d708,yellow_tripdata_2022-11.parquet,66.7,True,config_C_more_cores
2026-04-18 13:48:39,query_20260418_134735_29cd17dc,yellow_tripdata_2022-12.parquet,63.47,True,config_C_more_cores
2026-04-18 13:49:43,query_20260418_134839_afdfe145,yellow_tripdata_2023-01.parquet,63.47,True,config_C_more_cores
2026-04-18 13:50:44,query_20260418_134943_fccd7678,yellow_tripdata_2023-02.parquet,60.67,True,config_C_more_cores
2026-04-18 13:51:52,query_20260418_135044_88662d9a,yellow_tripdata_2023-03.parquet,67.7,True,config_C_more_cores
2026-04-18 13:52:58,query_20260418_135152_3f31b019,yellow_tripdata_2023-04.parquet,65.79,True,config_C_more_cores
2026-04-18 13:54:05,query_20260418_135258_43ed688b,yellow_tripdata_2023-05.parquet,66.5,True,config_C_more_cores
2026-04-18 13:55:12,query_20260418_135405_a097d02b,yellow_tripdata_2023-06.parquet,66.7,True,config_C_more_cores
2026-04-18 13:56:12,query_20260418_135512_5b7dce78,yellow_tripdata_2023-07.parquet,59.7,True,config_C_more_cores
2026-04-18 13:57:08,query_20260418_135612_e65c4569,yellow_tripdata_2023-08.parquet,56.37,True,config_C_more_cores
2026-04-18 13:58:02,query_20260418_135709_08319f1a,yellow_tripdata_2023-09.parquet,53.37,True,config_C_more_cores
2026-04-18 13:59:01,query_20260418_135802_9bf359f0,yellow_tripdata_2023-10.parquet,58.59,True,config_C_more_cores
2026-04-18 13:59:59,query_20260418_135901_253da16e,yellow_tripdata_2023-11.parquet,57.53,True,config_C_more_cores
2026-04-18 14:01:00,query_20260418_135959_cc178341,yellow_tripdata_2023-12.parquet,60.76,True,config_C_more_cores
2026-04-18 14:03:50,query_20260418_140100_3b8c6918,yellow_tripdata_2015-01.parquet,170.02,True,config_D_balanced
2026-04-18 14:06:30,query_20260418_140350_110d2160,yellow_tripdata_2015-02.parquet,159.69,True,config_D_balanced
2026-04-18 14:09:19,query_20260418_140630_839a03f3,yellow_tripdata_2015-03.parquet,168.8,True,config_D_balanced
2026-04-18 14:12:05,query_20260418_140919_75d694c3,yellow_tripdata_2015-04.parquet,165.81,True,config_D_balanced
2026-04-18 14:14:54,query_20260418_141206_e3712e46,yellow_tripdata_2015-05.parquet,167.96,True,config_D_balanced
2026-04-18 14:17:30,query_20260418_141454_3c2ca7d1,yellow_tripdata_2015-06.parquet,155.23,True,config_D_balanced
2026-04-18 14:19:59,query_20260418_141730_acc145b3,yellow_tripdata_2015-07.parquet,148.79,True,config_D_balanced
2026-04-18 14:22:36,query_20260418_141959_cf66da76,yellow_tripdata_2015-08.parquet,155.95,True,config_D_balanced
2026-04-18 14:24:59,query_20260418_142236_6ef69339,yellow_tripdata_2015-09.parquet,143.21,True,config_D_balanced
2026-04-18 14:27:40,query_20260418_142500_1655e120,yellow_tripdata_2015-10.parquet,159.71,True,config_D_balanced
2026-04-18 14:30:16,query_20260418_142740_0e8feee4,yellow_tripdata_2015-11.parquet,155.01,True,config_D_balanced
2026-04-18 14:32:53,query_20260418_143016_c57b104e,yellow_tripdata_2015-12.parquet,157.1,True,config_D_balanced
2026-04-18 14:35:23,query_20260418_143253_260b7677,yellow_tripdata_2016-01.parquet,148.82,True,config_D_balanced
2026-04-18 14:37:53,query_20260418_143523_c4400781,yellow_tripdata_2016-02.parquet,149.78,True,config_D_balanced
2026-04-18 14:40:27,query_20260418_143753_2481e3c8,yellow_tripdata_2016-03.parquet,153.72,True,config_D_balanced
2026-04-18 14:42:59,query_20260418_144028_ace53554,yellow_tripdata_2016-04.parquet,151.24,True,config_D_balanced
2026-04-18 14:45:35,query_20260418_144300_4311e668,yellow_tripdata_2016-05.parquet,155.0,True,config_D_balanced
2026-04-18 14:48:01,query_20260418_144536_def9be43,yellow_tripdata_2016-06.parquet,144.7,True,config_D_balanced
2026-04-18 14:50:28,query_20260418_144801_ec896c84,yellow_tripdata_2016-07.parquet,147.07,True,config_D_balanced
2026-04-18 14:52:40,query_20260418_145029_6febc9a4,yellow_tripdata_2016-08.parquet,130.78,True,config_D_balanced
2026-04-18 14:54:56,query_20260418_145240_43b32775,yellow_tripdata_2016-09.parquet,135.88,True,config_D_balanced
2026-04-18 14:57:18,query_20260418_145456_f7cefd81,yellow_tripdata_2016-10.parquet,140.91,True,config_D_balanced
2026-04-18 14:59:29,query_20260418_145718_d4242f96,yellow_tripdata_2016-11.parquet,130.78,True,config_D_balanced
2026-04-18 15:01:55,query_20260418_145929_6ed7bae8,yellow_tripdata_2016-12.parquet,145.71,True,config_D_balanced
2026-04-18 15:04:02,query_20260418_150155_035f2d34,yellow_tripdata_2017-01.parquet,125.78,True,config_D_balanced
2026-04-18 15:06:06,query_20260418_150402_4506a48b,yellow_tripdata_2017-02.parquet,123.69,True,config_D_balanced
2026-04-18 15:08:22,query_20260418_150606_77b181bf,yellow_tripdata_2017-03.parquet,135.95,True,config_D_balanced
2026-04-18 15:10:33,query_20260418_150822_a84a92fc,yellow_tripdata_2017-04.parquet,130.04,True,config_D_balanced
2026-04-18 15:12:45,query_20260418_151033_48161d96,yellow_tripdata_2017-05.parquet,131.81,True,config_D_balanced
2026-04-18 15:14:55,query_20260418_151245_27a69ea2,yellow_tripdata_2017-06.parquet,129.0,True,config_D_balanced
2026-04-18 15:16:55,query_20260418_151455_04d66625,yellow_tripdata_2017-07.parquet,119.87,True,config_D_balanced
2026-04-18 15:18:51,query_20260418_151655_6edadbb1,yellow_tripdata_2017-08.parquet,115.65,True,config_D_balanced
2026-04-18 15:21:00,query_20260418_151852_b72477c6,yellow_tripdata_2017-09.parquet,128.54,True,config_D_balanced
2026-04-18 15:23:12,query_20260418_152101_0f4de1bb,yellow_tripdata_2017-10.parquet,131.03,True,config_D_balanced
2026-04-18 15:25:20,query_20260418_152312_a5ab8555,yellow_tripdata_2017-11.parquet,127.79,True,config_D_balanced
2026-04-18 15:27:36,query_20260418_152521_523c179d,yellow_tripdata_2017-12.parquet,134.91,True,config_D_balanced
2026-04-18 15:29:41,query_20260418_152736_5cd0c715,yellow_tripdata_2018-01.parquet,124.97,True,config_D_balanced
2026-04-18 15:31:42,query_20260418_152941_fc1da44f,yellow_tripdata_2018-02.parquet,119.85,True,config_D_balanced
2026-04-18 15:33:49,query_20260418_153142_14b496f2,yellow_tripdata_2018-03.parquet,126.89,True,config_D_balanced
2026-04-18 15:36:07,query_20260418_153349_8014182b,yellow_tripdata_2018-04.parquet,137.96,True,config_D_balanced
2026-04-18 15:38:13,query_20260418_153608_9b87cd36,yellow_tripdata_2018-05.parquet,124.91,True,config_D_balanced
2026-04-18 15:40:17,query_20260418_153813_d9cdb6c3,yellow_tripdata_2018-06.parquet,124.05,True,config_D_balanced
2026-04-18 15:42:22,query_20260418_154018_05d2c43b,yellow_tripdata_2018-07.parquet,123.66,True,config_D_balanced
2026-04-18 15:44:10,query_20260418_154222_bc4d91fa,yellow_tripdata_2018-08.parquet,107.01,True,config_D_balanced
2026-04-18 15:46:08,query_20260418_154410_36a03a20,yellow_tripdata_2018-09.parquet,117.15,True,config_D_balanced
2026-04-18 15:48:12,query_20260418_154608_67efc89d,yellow_tripdata_2018-10.parquet,123.8,True,config_D_balanced
2026-04-18 15:50:05,query_20260418_154812_7b5727c9,yellow_tripdata_2018-11.parquet,112.62,True,config_D_balanced
2026-04-18 15:51:57,query_20260418_155005_b7f65020,yellow_tripdata_2018-12.parquet,111.68,True,config_D_balanced
2026-04-18 15:53:47,query_20260418_155157_11c945d5,yellow_tripdata_2019-01.parquet,109.81,True,config_D_balanced
2026-04-18 15:55:25,query_20260418_155348_753506f0,yellow_tripdata_2019-02.parquet,97.2,True,config_D_balanced
2026-04-18 15:57:13,query_20260418_155525_48d74606,yellow_tripdata_2019-03.parquet,107.82,True,config_D_balanced
2026-04-18 15:59:06,query_20260418_155713_7ea0d69b,yellow_tripdata_2019-04.parquet,112.39,True,config_D_balanced
2026-04-18 16:00:56,query_20260418_155906_6abbe0b9,yellow_tripdata_2019-05.parquet,109.84,True,config_D_balanced
2026-04-18 16:02:38,query_20260418_160057_8c2002ff,yellow_tripdata_2019-06.parquet,101.15,True,config_D_balanced
2026-04-18 16:04:13,query_20260418_160238_836c0187,yellow_tripdata_2019-07.parquet,94.71,True,config_D_balanced
2026-04-18 16:05:49,query_20260418_160413_21e8ba42,yellow_tripdata_2019-08.parquet,95.94,True,config_D_balanced
2026-04-18 16:07:32,query_20260418_160549_efd7ba75,yellow_tripdata_2019-09.parquet,101.85,True,config_D_balanced
2026-04-18 16:09:19,query_20260418_160732_fef7cb7c,yellow_tripdata_2019-10.parquet,106.94,True,config_D_balanced
2026-04-18 16:11:05,query_20260418_160919_9ea39862,yellow_tripdata_2019-11.parquet,105.74,True,config_D_balanced
2026-04-18 16:12:45,query_20260418_161105_cf2784b2,yellow_tripdata_2019-12.parquet,99.69,True,config_D_balanced
2026-04-18 16:14:21,query_20260418_161245_f3e62ae9,yellow_tripdata_2020-01.parquet,95.9,True,config_D_balanced
2026-04-18 16:15:54,query_20260418_161422_6ec10529,yellow_tripdata_2020-02.parquet,91.96,True,config_D_balanced
2026-04-18 16:16:55,query_20260418_161554_7f27d827,yellow_tripdata_2020-03.parquet,61.08,True,config_D_balanced
2026-04-18 16:17:30,query_20260418_161655_f12648f4,yellow_tripdata_2020-04.parquet,34.73,True,config_D_balanced
2026-04-18 16:18:04,query_20260418_161730_ec3aeb6a,yellow_tripdata_2020-05.parquet,33.95,True,config_D_balanced
2026-04-18 16:18:44,query_20260418_161804_8a8d6f4e,yellow_tripdata_2020-06.parquet,39.81,True,config_D_balanced
2026-04-18 16:19:25,query_20260418_161844_4cb5fc0c,yellow_tripdata_2020-07.parquet,40.8,True,config_D_balanced
2026-04-18 16:20:06,query_20260418_161925_0851ce2f,yellow_tripdata_2020-08.parquet,40.84,True,config_D_balanced
2026-04-18 16:20:52,query_20260418_162006_b499a0fe,yellow_tripdata_2020-09.parquet,45.82,True,config_D_balanced
2026-04-18 16:21:43,query_20260418_162052_dff7bbfb,yellow_tripdata_2020-10.parquet,50.79,True,config_D_balanced
2026-04-18 16:22:32,query_20260418_162143_26124025,yellow_tripdata_2020-11.parquet,48.78,True,config_D_balanced
2026-04-18 16:23:19,query_20260418_162232_f7ce2406,yellow_tripdata_2020-12.parquet,47.01,True,config_D_balanced
2026-04-18 16:24:08,query_20260418_162319_60a369d7,yellow_tripdata_2021-01.parquet,47.84,True,config_D_balanced
2026-04-18 16:24:55,query_20260418_162408_746250da,yellow_tripdata_2021-02.parquet,46.84,True,config_D_balanced
2026-04-18 16:25:49,query_20260418_162455_10f82d13,yellow_tripdata_2021-03.parquet,54.0,True,config_D_balanced
2026-04-18 16:26:42,query_20260418_162549_8a06bd2d,yellow_tripdata_2021-04.parquet,53.01,True,config_D_balanced
2026-04-18 16:27:38,query_20260418_162642_b4279b47,yellow_tripdata_2021-05.parquet,55.85,True,config_D_balanced
2026-04-18 16:28:39,query_20260418_162738_60b88903,yellow_tripdata_2021-06.parquet,60.79,True,config_D_balanced
2026-04-18 16:29:42,query_20260418_162839_8661e08f,yellow_tripdata_2021-07.parquet,62.18,True,config_D_balanced
2026-04-18 16:30:45,query_20260418_162942_d0d0c196,yellow_tripdata_2021-08.parquet,62.78,True,config_D_balanced
2026-04-18 16:31:43,query_20260418_163045_5d9a296f,yellow_tripdata_2021-09.parquet,57.53,True,config_D_balanced
2026-04-18 16:32:53,query_20260418_163143_9f83601d,yellow_tripdata_2021-10.parquet,69.86,True,config_D_balanced
2026-04-18 16:33:58,query_20260418_163253_53a92dab,yellow_tripdata_2021-11.parquet,64.71,True,config_D_balanced
2026-04-18 16:35:02,query_20260418_163358_f6e7abf1,yellow_tripdata_2021-12.parquet,63.49,True,config_D_balanced
2026-04-18 16:35:57,query_20260418_163502_73346695,yellow_tripdata_2022-01.parquet,54.82,True,config_D_balanced
2026-04-18 16:36:59,query_20260418_163557_99f8c2c4,yellow_tripdata_2022-02.parquet,61.69,True,config_D_balanced
2026-04-20 22:25:50,query_20260420_222512_11b5c444,test_trips.csv,37.84,True,default
